,user_id,creation_date
0,1,2026-01-01
1,2,2026-01-01
2,3,2026-01-01
3,4,2026-01-01
4,5,2026-01-01
5,6,2026-01-01
6,7,2026-01-01
7,8,2026-01-01
8,9,2026-01-01
9,10,2026-01-01
10,11,2026-01-01
11,12,2026-01-01
12,13,2026-01-01
13,14,2026-01-01
14,15,2026-01-01
15,16,2026-01-01
16,17,2026-01-01
17,18,2026-01-01
18,19,2026-01-01
19,20,2026-01-01
20,21,2026-01-01
21,22,2026-01-01
22,23,2026-01-01
23,24,2026-01-01
24,25,2026-01-01
25,26,2026-01-01
26,27,2026-01-01
27,28,2026-01-01
28,29,2026-01-01
29,30,2026-01-01
30,31,2026-01-01
31,32,2026-01-01
32,33,2026-01-01
33,34,2026-01-01
34,35,2026-01-01
35,36,2026-01-01
36,37,2026-01-01
37,38,2026-01-01
38,39,2026-01-01
39,40,2026-01-01
40,41,2026-01-01
41,42,2026-01-01
42,43,2026-01-01
43,44,2026-01-01
44,45,2026-01-01
45,46,2026-01-01
46,47,2026-01-01
47,48,2026-01-01
48,49,2026-01-01
49,50,2026-01-01
50,51,2026-01-01
51,52,2026-01-01
52,53,2026-01-01
53,54,2026-01-01
54,55,2026-01-01
55,56,2026-01-01
56,57,2026-01-01
57,58,2026-01-01
58,59,2026-01-01
59,60,2026-01-01
60,61,2026-01-01
61,62,2026-01-01
62,63,2026-01-01
63,64,2026-01-01
64,65,2026-01-01
65,66,2026-01-01
66,67,2026-01-01
67,68,2026-01-01
68,69,2026-01-01
69,70,2026-01-01
70,71,2026-01-01
71,72,2026-01-01
72,73,2026-01-01
73,74,2026-01-01
74,75,2026-01-01
75,76,2026-01-01
76,77,2026-01-01
77,78,2026-01-01
78,79,2026-01-01
79,80,2026-01-01
80,81,2026-01-01
81,82,2026-01-01
82,83,2026-01-01
83,84,2026-01-01
84,85,2026-01-01
85,86,2026-01-01
86,87,2026-01-01
87,88,2026-01-01
88,89,2026-01-01
89,90,2026-01-01
90,91,2026-01-01
91,92,2026-01-01
92,93,2026-01-01
93,94,2026-01-01
94,95,2026-01-01
95,96,2026-01-01
96,97,2026-01-01
97,98,2026-01-01
98,99,2026-01-01
99,100,2026-01-01
100,101,2026-01-01
101,102,2026-01-01
102,103,2026-01-01
103,104,2026-01-01
104,105,2026-01-01
105,106,2026-01-01
106,107,2026-01-01
107,108,2026-01-01
108,109,2026-01-01
109,110,2026-01-01
110,111,2026-01-01
111,112,2026-01-01
112,113,2026-01-01
113,114,2026-01-01
114,115,2026-01-01
115,116,2026-01-01
116,117,2026-01-01
117,118,2026-01-01
118,119,2026-01-01
119,120,2026-01-01
120,121,2026-01-01
121,122,2026-01-01
122,123,2026-01-01
123,124,2026-01-01
124,125,2026-01-01
125,126,2026-01-01
126,127,2026-01-01
127,128,2026-01-01
128,129,2026-01-01
129,130,2026-01-01
130,131,2026-01-01
131,132,2026-01-01
132,133,2026-01-01
133,134,2026-01-01
134,135,2026-01-01
135,136,2026-01-01
136,137,2026-01-01
137,138,2026-01-01
138,139,2026-01-01
139,140,2026-01-01
140,141,2026-01-01
141,142,2026-01-01
142,143,2026-01-01
143,144,2026-01-01
144,145,2026-01-01
145,146,2026-01-01
146,147,2026-01-01
147,148,2026-01-01
148,149,2026-01-01
149,150,2026-01-01
150,151,2026-01-01
151,152,2026-01-01
152,153,2026-01-01
153,154,2026-01-01
154,155,2026-01-01
155,156,2026-01-01
156,157,2026-01-01
157,158,2026-01-01
158,159,2026-01-01
159,160,2026-01-01
160,161,2026-01-01
161,162,2026-01-01
162,163,2026-01-01
163,164,2026-01-01
164,165,2026-01-01
165,166,2026-01-01
166,167,2026-01-01
167,168,2026-01-01
168,169,2026-01-01
169,170,2026-01-01
170,171,2026-01-01
171,172,2026-01-01
172,173,2026-01-01
173,174,2026-01-01
174,175,2026-01-01
175,176,2026-01-01
176,177,2026-01-01
177,178,2026-01-01
178,179,2026-01-01
179,180,2026-01-01
180,181,2026-01-01
181,182,2026-01-01
182,183,2026-01-01
183,184,2026-01-01
184,185,2026-01-01
185,186,2026-01-01
186,187,2026-01-01
187,188,2026-01-01
188,189,2026-01-01
189,190,2026-01-01
190,191,2026-01-01
191,192,2026-01-01
192,193,2026-01-01
193,194,2026-01-01
194,195,2026-01-01
195,196,2026-01-01
196,197,2026-01-01
197,198,2026-01-01
198,199,2026-01-01
199,200,2026-01-01
200,201,2026-01-01
201,202,2026-01-01
202,203,2026-01-01
203,204,2026-01-01
204,205,2026-01-01
205,206,2026-01-01
206,207,2026-01-01
207,208,2026-01-01
208,209,2026-01-01
209,210,2026-01-01
210,211,2026-01-01
211,212,2026-01-01
212,213,2026-01-01
213,214,2026-01-01
214,215,2026-01-01
215,216,2026-01-01
216,217,2026-01-01
217,218,2026-01-01
218,219,2026-01-01
219,220,2026-01-01
220,221,2026-01-01
221,222,2026-01-01
222,223,2026-01-01
223,224,2026-01-01
224,225,2026-01-01
225,226,2026-01-01
226,227,2026-01-01
227,228,2026-01-01
228,229,2026-01-01
229,230,2026-01-01
230,231,2026-01-01
231,232,2026-01-01
232,233,2026-01-01
233,234,2026-01-01
234,235,2026-01-01
235,236,2026-01-01
236,237,2026-01-01
237,238,2026-01-01
238,239,2026-01-01
239,240,2026-01-01
240,241,2026-01-01
241,242,2026-01-01
242,243,2026-01-01
243,244,2026-01-01
244,245,2026-01-01
245,246,2026-01-01
246,247,2026-01-01
247,248,2026-01-01
248,249,2026-01-01
249,250,2026-01-01
250,251,2026-01-01
251,252,2026-01-01
252,253,2026-01-01
253,254,2026-01-01
254,255,2026-01-01
255,256,2026-01-01
256,257,2026-01-01
257,258,2026-01-01
258,259,2026-01-01
259,260,2026-01-01
260,261,2026-01-01
261,262,2026-01-01
262,263,2026-01-01
263,264,2026-01-01
264,265,2026-01-01
265,266,2026-01-01
266,267,2026-01-01
267,268,2026-01-01
268,269,2026-01-01
269,270,2026-01-01
270,271,2026-01-01
271,272,2026-01-01
272,273,2026-01-01
273,274,2026-01-01
274,275,2026-01-01
275,276,2026-01-01
276,277,2026-01-01
277,278,2026-01-01
278,279,2026-01-01
279,280,2026-01-01
280,281,2026-01-01
281,282,2026-01-01
282,283,2026-01-01
283,284,2026-01-01
284,285,2026-01-01
285,286,2026-01-01
286,287,2026-01-01
287,288,2026-01-01
288,289,2026-01-01
289,290,2026-01-01
290,291,2026-01-01
291,292,2026-01-01
292,293,2026-01-01
293,294,2026-01-01
294,295,2026-01-01
295,296,2026-01-01
296,297,2026-01-01
297,298,2026-01-01
298,299,2026-01-01
299,300,2026-01-01
300,301,2026-01-01
301,302,2026-01-01
302,303,2026-01-01
303,304,2026-01-01
304,305,2026-01-01
305,306,2026-01-01
306,307,2026-01-01
307,308,2026-01-01
308,309,2026-01-01
309,310,2026-01-01
310,311,2026-01-01
311,312,2026-01-01
312,313,2026-01-01
313,314,2026-01-01
314,315,2026-01-01
315,316,2026-01-01
316,317,2026-01-01
317,318,2026-01-01
318,319,2026-01-01
319,320,2026-01-01
320,321,2026-01-01
321,322,2026-01-01
322,323,2026-01-01
323,324,2026-01-01
324,325,2026-01-01
325,326,2026-01-01
326,327,2026-01-01
327,328,2026-01-01
328,329,2026-01-01
329,330,2026-01-01
330,331,2026-01-01
331,332,2026-01-01
332,333,2026-01-01
333,334,2026-01-01
334,335,2026-01-01
335,336,2026-01-01
336,337,2026-01-01
337,338,2026-01-01
338,339,2026-01-01
339,340,2026-01-01
340,341,2026-01-01
341,342,2026-01-01
342,343,2026-01-01
343,344,2026-01-01
344,345,2026-01-01
345,346,2026-01-01
346,347,2026-01-01
347,348,2026-01-01
348,349,2026-01-01
349,350,2026-01-01
350,351,2026-01-01
351,352,2026-01-01
352,353,2026-01-01
353,354,2026-01-01
354,355,2026-01-01
355,356,2026-01-01
356,357,2026-01-01
357,358,2026-01-01
358,359,2026-01-01
359,360,2026-01-01
360,361,2026-01-01
361,362,2026-01-01
362,363,2026-01-01
363,364,2026-01-01
364,365,2026-01-01
365,366,2026-01-01
366,367,2026-01-01
367,368,2026-01-01
368,369,2026-01-01
369,370,2026-01-01
370,371,2026-01-01
371,372,2026-01-01
372,373,2026-01-01
373,374,2026-01-01
374,375,2026-01-01
375,376,2026-01-01
376,377,2026-01-01
377,378,2026-01-01
378,379,2026-01-01
379,380,2026-01-01
380,381,2026-01-01
381,382,2026-01-01
382,383,2026-01-01
383,384,2026-01-01
384,385,2026-01-01
385,386,2026-01-01
386,387,2026-01-01
387,388,2026-01-01
388,389,2026-01-01
389,390,2026-01-01
390,391,2026-01-01
391,392,2026-01-01
392,393,2026-01-01
393,394,2026-01-01
394,395,2026-01-01
395,396,2026-01-01
396,397,2026-01-01
397,398,2026-01-01
398,399,2026-01-01
399,400,2026-01-01
400,401,2026-01-01
401,402,2026-01-01
402,403,2026-01-01
403,404,2026-01-01
404,405,2026-01-01
405,406,2026-01-01
406,407,2026-01-01
407,408,2026-01-01
408,409,2026-01-01
409,410,2026-01-01
410,411,2026-01-01
411,412,2026-01-01
412,413,2026-01-01
413,414,2026-01-01
414,415,2026-01-01
415,416,2026-01-01
416,417,2026-01-01
417,418,2026-01-01
418,419,2026-01-01
419,420,2026-01-01
420,421,2026-01-01
421,422,2026-01-01
422,423,2026-01-01
423,424,2026-01-01
424,425,2026-01-01
425,426,2026-01-01
426,427,2026-01-01
427,428,2026-01-01
428,429,2026-01-01
429,430,2026-01-01
430,431,2026-01-01
431,432,2026-01-01
432,433,2026-01-01
433,434,2026-01-01
434,435,2026-01-01
435,436,2026-01-01
436,437,2026-01-01
437,438,2026-01-01
438,439,2026-01-01
439,440,2026-01-01
440,441,2026-01-01
441,442,2026-01-01
442,443,2026-01-01
443,444,2026-01-01
444,445,2026-01-01
445,446,2026-01-01
446,447,2026-01-01
447,448,2026-01-01
448,449,2026-01-01
449,450,2026-01-01
450,451,2026-01-01
451,452,2026-01-01
452,453,2026-01-01
453,454,2026-01-01
454,455,2026-01-01
455,456,2026-01-01
456,457,2026-01-01
457,458,2026-01-01
458,459,2026-01-01
459,460,2026-01-01
460,461,2026-01-01
461,462,2026-01-01
462,463,2026-01-01
463,464,2026-01-01
464,465,2026-01-01
465,466,2026-01-01
466,467,2026-01-01
467,468,2026-01-01
468,469,2026-01-01
469,470,2026-01-01
470,471,2026-01-01
471,472,2026-01-01
472,473,2026-01-01
473,474,2026-01-01
474,475,2026-01-01
475,476,2026-01-01
476,477,2026-01-01
477,478,2026-01-01
478,479,2026-01-01
479,480,2026-01-01
480,481,2026-01-01
481,482,2026-01-01
482,483,2026-01-01
483,484,2026-01-01
484,485,2026-01-01
485,486,2026-01-01
486,487,2026-01-01
487,488,2026-01-01
488,489,2026-01-01
489,490,2026-01-01
490,491,2026-01-01
491,492,2026-01-01
492,493,2026-01-01
493,494,2026-01-01
494,495,2026-01-01
495,496,2026-01-01
496,497,2026-01-01
497,498,2026-01-01
498,499,2026-01-01
499,500,2026-01-01
500,501,2026-01-01
501,502,2026-01-01
502,503,2026-01-01
503,504,2026-01-01
504,505,2026-01-01
505,506,2026-01-01
506,507,2026-01-01
507,508,2026-01-01
508,509,2026-01-01
509,510,2026-01-01
510,511,2026-01-01
511,512,2026-01-01
512,513,2026-01-01
513,514,2026-01-01
514,515,2026-01-01
515,516,2026-01-01
516,517,2026-01-01
517,518,2026-01-01
518,519,2026-01-01
519,520,2026-01-01
520,521,2026-01-01
521,522,2026-01-01
522,523,2026-01-01
523,524,2026-01-01
524,525,2026-01-01
525,526,2026-01-01
526,527,2026-01-01
527,528,2026-01-01
528,529,2026-01-01
529,530,2026-01-01
530,531,2026-01-01
531,532,2026-01-01
532,533,2026-01-01
533,534,2026-01-01
534,535,2026-01-01
535,536,2026-01-01
536,537,2026-01-01
537,538,2026-01-01
538,539,2026-01-01
539,540,2026-01-01
540,541,2026-01-01
541,542,2026-01-01
542,543,2026-01-01
543,544,2026-01-01
544,545,2026-01-01
545,546,2026-01-01
546,547,2026-01-01
547,548,2026-01-01
548,549,2026-01-01
549,550,2026-01-01
550,551,2026-01-01
551,552,2026-01-01
552,553,2026-01-01
553,554,2026-01-01
554,555,2026-01-01
555,556,2026-01-01
556,557,2026-01-01
557,558,2026-01-01
558,559,2026-01-01
559,560,2026-01-01
560,561,2026-01-01
561,562,2026-01-01
562,563,2026-01-01
563,564,2026-01-01
564,565,2026-01-01
565,566,2026-01-01
566,567,2026-01-01
567,568,2026-01-01
568,569,2026-01-01
569,570,2026-01-01
570,571,2026-01-01
571,572,2026-01-01
572,573,2026-01-01
573,574,2026-01-01
574,575,2026-01-01
575,576,2026-01-01
576,577,2026-01-01
577,578,2026-01-01
578,579,2026-01-01
579,580,2026-01-01
580,581,2026-01-01
581,582,2026-01-01
582,583,2026-01-01
583,584,2026-01-01
584,585,2026-01-01
585,586,2026-01-01
586,587,2026-01-01
587,588,2026-01-01
588,589,2026-01-01
589,590,2026-01-01
590,591,2026-01-01
591,592,2026-01-01
592,593,2026-01-01
593,594,2026-01-01
594,595,2026-01-01
595,596,2026-01-01
596,597,2026-01-01
597,598,2026-01-01
598,599,2026-01-01
599,600,2026-01-01
600,601,2026-01-01
601,602,2026-01-01
602,603,2026-01-01
603,604,2026-01-01
604,605,2026-01-01
605,606,2026-01-01
606,607,2026-01-01
607,608,2026-01-01
608,609,2026-01-01
609,610,2026-01-01
610,611,2026-01-01
611,612,2026-01-01
612,613,2026-01-01
613,614,2026-01-01
614,615,2026-01-01
615,616,2026-01-01
616,617,2026-01-01
617,618,2026-01-01
618,619,2026-01-01
619,620,2026-01-01
620,621,2026-01-01
621,622,2026-01-01
622,623,2026-01-01
623,624,2026-01-01
624,625,2026-01-01
625,626,2026-01-01
626,627,2026-01-01
627,628,2026-01-01
628,629,2026-01-01
629,630,2026-01-01
630,631,2026-01-01
631,632,2026-01-01
632,633,2026-01-01
633,634,2026-01-01
634,635,2026-01-01
635,636,2026-01-01
636,637,2026-01-01
637,638,2026-01-01
638,639,2026-01-01
639,640,2026-01-01
640,641,2026-01-01
641,642,2026-01-01
642,643,2026-01-01
643,644,2026-01-01
644,645,2026-01-01
645,646,2026-01-01
646,647,2026-01-01
647,648,2026-01-01
648,649,2026-01-01
649,650,2026-01-01
650,651,2026-01-01
651,652,2026-01-01
652,653,2026-01-01
653,654,2026-01-01
654,655,2026-01-01
655,656,2026-01-01
656,657,2026-01-01
657,658,2026-01-01
658,659,2026-01-01
659,660,2026-01-01
660,661,2026-01-01
661,662,2026-01-01
662,663,2026-01-01
663,664,2026-01-01
664,665,2026-01-01
665,666,2026-01-01
666,667,2026-01-01
667,668,2026-01-01
668,669,2026-01-01
669,670,2026-01-01
670,671,2026-01-01
671,672,2026-01-01
672,673,2026-01-01
673,674,2026-01-01
674,675,2026-01-01
675,676,2026-01-01
676,677,2026-01-01
677,678,2026-01-01
678,679,2026-01-01
679,680,2026-01-01
680,681,2026-01-01
681,682,2026-01-01
682,683,2026-01-01
683,684,2026-01-01
684,685,2026-01-01
685,686,2026-01-01
686,687,2026-01-01
687,688,2026-01-01
688,689,2026-01-01
689,690,2026-01-01
690,691,2026-01-01
691,692,2026-01-01
692,693,2026-01-01
693,694,2026-01-01
694,695,2026-01-01
695,696,2026-01-01
696,697,2026-01-01
697,698,2026-01-01
698,699,2026-01-01
699,700,2026-01-01
700,701,2026-01-01
701,702,2026-01-01
702,703,2026-01-01
703,704,2026-01-01
704,705,2026-01-01
705,706,2026-01-01
706,707,2026-01-01
707,708,2026-01-01
708,709,2026-01-01
709,710,2026-01-01
710,711,2026-01-01
711,712,2026-01-01
712,713,2026-01-01
713,714,2026-01-01
714,715,2026-01-01
715,716,2026-01-01
716,717,2026-01-01
717,718,2026-01-01
718,719,2026-01-01
719,720,2026-01-01
720,721,2026-01-01
721,722,2026-01-01
722,723,2026-01-01
723,724,2026-01-01
724,725,2026-01-01
725,726,2026-01-01
726,727,2026-01-01
727,728,2026-01-01
728,729,2026-01-01
729,730,2026-01-01
730,731,2026-01-01
731,732,2026-01-01
732,733,2026-01-01
733,734,2026-01-01
734,735,2026-01-01
735,736,2026-01-01
736,737,2026-01-01
737,738,2026-01-01
738,739,2026-01-01
739,740,2026-01-01
740,741,2026-01-01
741,742,2026-01-01
742,743,2026-01-01
743,744,2026-01-01
744,745,2026-01-01
745,746,2026-01-01
746,747,2026-01-01
747,748,2026-01-01
748,749,2026-01-01
749,750,2026-01-01
750,751,2026-01-01
751,752,2026-01-01
752,753,2026-01-01
753,754,2026-01-01
754,755,2026-01-01
755,756,2026-01-01
756,757,2026-01-01
757,758,2026-01-01
758,759,2026-01-01
759,760,2026-01-01
760,761,2026-01-01
761,762,2026-01-01
762,763,2026-01-01
763,764,2026-01-01
764,765,2026-01-01
765,766,2026-01-01
766,767,2026-01-01
767,768,2026-01-01
768,769,2026-01-01
769,770,2026-01-01
770,771,2026-01-01
771,772,2026-01-01
772,773,2026-01-01
773,774,2026-01-01
774,775,2026-01-01
775,776,2026-01-01
776,777,2026-01-01
777,778,2026-01-01
778,779,2026-01-01
779,780,2026-01-01
780,781,2026-01-01
781,782,2026-01-01
782,783,2026-01-01
783,784,2026-01-01
784,785,2026-01-01
785,786,2026-01-01
786,787,2026-01-01
787,788,2026-01-01
788,789,2026-01-01
789,790,2026-01-01
790,791,2026-01-01
791,792,2026-01-01
792,793,2026-01-01
793,794,2026-01-01
794,795,2026-01-01
795,796,2026-01-01
796,797,2026-01-01
797,798,2026-01-01
798,799,2026-01-01
799,800,2026-01-01
800,801,2026-01-01
801,802,2026-01-01
802,803,2026-01-01
803,804,2026-01-01
804,805,2026-01-01
805,806,2026-01-01
806,807,2026-01-01
807,808,2026-01-01
808,809,2026-01-01
809,810,2026-01-01
810,811,2026-01-01
811,812,2026-01-01
812,813,2026-01-01
813,814,2026-01-01
814,815,2026-01-01
815,816,2026-01-01
816,817,2026-01-01
817,818,2026-01-01
818,819,2026-01-01
819,820,2026-01-01
820,821,2026-01-01
821,822,2026-01-01
822,823,2026-01-01
823,824,2026-01-01
824,825,2026-01-01
825,826,2026-01-01
826,827,2026-01-01
827,828,2026-01-01
828,829,2026-01-01
829,830,2026-01-01
830,831,2026-01-01
831,832,2026-01-01
832,833,2026-01-01
833,834,2026-01-01
834,835,2026-01-01
835,836,2026-01-01
836,837,2026-01-01
837,838,2026-01-01
838,839,2026-01-01
839,840,2026-01-01
840,841,2026-01-01
841,842,2026-01-01
842,843,2026-01-01
843,844,2026-01-01
844,845,2026-01-01
845,846,2026-01-01
846,847,2026-01-01
847,848,2026-01-01
848,849,2026-01-01
849,850,2026-01-01
850,851,2026-01-01
851,852,2026-01-01
852,853,2026-01-01
853,854,2026-01-01
854,855,2026-01-01
855,856,2026-01-01
856,857,2026-01-01
857,858,2026-01-01
858,859,2026-01-01
859,860,2026-01-01
860,861,2026-01-01
861,862,2026-01-01
862,863,2026-01-01
863,864,2026-01-01
864,865,2026-01-01
865,866,2026-01-01
866,867,2026-01-01
867,868,2026-01-01
868,869,2026-01-01
869,870,2026-01-01
870,871,2026-01-01
871,872,2026-01-01
872,873,2026-01-01
873,874,2026-01-01
874,875,2026-01-01
875,876,2026-01-01
876,877,2026-01-01
877,878,2026-01-01
878,879,2026-01-01
879,880,2026-01-01
880,881,2026-01-01
881,882,2026-01-01
882,883,2026-01-01
883,884,2026-01-01
884,885,2026-01-01
885,886,2026-01-01
886,887,2026-01-01
887,888,2026-01-01
888,889,2026-01-01
889,890,2026-01-01
890,891,2026-01-01
891,892,2026-01-01
892,893,2026-01-01
893,894,2026-01-01
894,895,2026-01-01
895,896,2026-01-01
896,897,2026-01-01
897,898,2026-01-01
898,899,2026-01-01
899,900,2026-01-01
900,901,2026-01-01
901,902,2026-01-01
902,903,2026-01-01
903,904,2026-01-01
904,905,2026-01-01
905,906,2026-01-01
906,907,2026-01-01
907,908,2026-01-01
908,909,2026-01-01
909,910,2026-01-01
910,911,2026-01-01
911,912,2026-01-01
912,913,2026-01-01
913,914,2026-01-01
914,915,2026-01-01
915,916,2026-01-01
916,917,2026-01-01
917,918,2026-01-01
918,919,2026-01-01
919,920,2026-01-01
920,921,2026-01-01
921,922,2026-01-01
922,923,2026-01-01
923,924,2026-01-01
924,925,2026-01-01
925,926,2026-01-01
926,927,2026-01-01
927,928,2026-01-01
928,929,2026-01-01
929,930,2026-01-01
930,931,2026-01-01
931,932,2026-01-01
932,933,2026-01-01
933,934,2026-01-01
934,935,2026-01-01
935,936,2026-01-01
936,937,2026-01-01
937,938,2026-01-01
938,939,2026-01-01
939,940,2026-01-01
940,941,2026-01-01
941,942,2026-01-01
942,943,2026-01-01
943,944,2026-01-01
944,945,2026-01-01
945,946,2026-01-01
946,947,2026-01-01
947,948,2026-01-01
948,949,2026-01-01
949,950,2026-01-01
950,951,2026-01-01
951,952,2026-01-01
952,953,2026-01-01
953,954,2026-01-01
954,955,2026-01-01
955,956,2026-01-01
956,957,2026-01-01
957,958,2026-01-01
958,959,2026-01-01
959,960,2026-01-01
960,961,2026-01-01
961,962,2026-01-01
962,963,2026-01-01
963,964,2026-01-01
964,965,2026-01-01
965,966,2026-01-01
966,967,2026-01-01
967,968,2026-01-01
968,969,2026-01-01
969,970,2026-01-01
970,971,2026-01-01
971,972,2026-01-01
972,973,2026-01-01
973,974,2026-01-01
974,975,2026-01-01
975,976,2026-01-01
976,977,2026-01-01
977,978,2026-01-01
978,979,2026-01-01
979,980,2026-01-01
980,981,2026-01-01
981,982,2026-01-01
982,983,2026-01-01
983,984,2026-01-01
984,985,2026-01-01
985,986,2026-01-01
986,987,2026-01-01
987,988,2026-01-01
988,989,2026-01-01
989,990,2026-01-01
990,991,2026-01-01
991,992,2026-01-01
992,993,2026-01-01
993,994,2026-01-01
994,995,2026-01-01
995,996,2026-01-01
996,997,2026-01-01
997,998,2026-01-01
998,999,2026-01-01
999,1000,2026-01-01
1000,1001,2026-01-01
1001,1002,2026-01-01
1002,1003,2026-01-01
1003,1004,2026-01-01
1004,1005,2026-01-01
1005,1006,2026-01-01
1006,1007,2026-01-01
1007,1008,2026-01-01
1008,1009,2026-01-01
1009,1010,2026-01-02
1010,1011,2026-01-02
1011,1012,2026-01-02
1012,1013,2026-01-02
1013,1014,2026-01-02
1014,1015,2026-01-02
1015,1016,2026-01-02
1016,1017,2026-01-03
1017,1018,2026-01-03
1018,1019,2026-01-03
1019,1020,2026-01-03
1020,1021,2026-01-03
1021,1022,2026-01-03
1022,1023,2026-01-03
1023,1024,2026-01-03
1024,1025,2026-01-03
1025,1026,2026-01-03
1026,1027,2026-01-03
1027,1028,2026-01-03
1028,1029,2026-01-04
1029,1030,2026-01-04
1030,1031,2026-01-04
1031,1032,2026-01-04
1032,1033,2026-01-04
1033,1034,2026-01-04
1034,1035,2026-01-04
1035,1036,2026-01-04
1036,1037,2026-01-04
1037,1038,2026-01-04
1038,1039,2026-01-05
1039,1040,2026-01-05
1040,1041,2026-01-05
1041,1042,2026-01-05
1042,1043,2026-01-05
1043,1044,2026-01-05
1044,1045,2026-01-05
1045,1046,2026-01-05
1046,1047,2026-01-05
1047,1048,2026-01-05
1048,1049,2026-01-05
1049,1050,2026-01-05
1050,1051,2026-01-05
1051,1052,2026-01-05
1052,1053,2026-01-05
1053,1054,2026-01-05
1054,1055,2026-01-06
1055,1056,2026-01-06
1056,1057,2026-01-06
1057,1058,2026-01-06
1058,1059,2026-01-06
1059,1060,2026-01-06
1060,1061,2026-01-06
1061,1062,2026-01-06
1062,1063,2026-01-06
1063,1064,2026-01-06
1064,1065,2026-01-06
1065,1066,2026-01-06
1066,1067,2026-01-07
1067,1068,2026-01-07
1068,1069,2026-01-07
1069,1070,2026-01-07
1070,1071,2026-01-07
1071,1072,2026-01-07
1072,1073,2026-01-07
1073,1074,2026-01-07
1074,1075,2026-01-07
1075,1076,2026-01-07
1076,1077,2026-01-07
1077,1078,2026-01-07
1078,1079,2026-01-07
1079,1080,2026-01-07
1080,1081,2026-01-08
1081,1082,2026-01-08
1082,1083,2026-01-08
1083,1084,2026-01-08
1084,1085,2026-01-08
1085,1086,2026-01-08
1086,1087,2026-01-08
1087,1088,2026-01-08
1088,1089,2026-01-08
1089,1090,2026-01-08
1090,1091,2026-01-08
1091,1092,2026-01-09
1092,1093,2026-01-09
1093,1094,2026-01-09
1094,1095,2026-01-09
1095,1096,2026-01-09
1096,1097,2026-01-09
1097,1098,2026-01-09
1098,1099,2026-01-09
1099,1100,2026-01-09
1100,1101,2026-01-09
1101,1102,2026-01-09
1102,1103,2026-01-09
1103,1104,2026-01-09
1104,1105,2026-01-10
1105,1106,2026-01-10
1106,1107,2026-01-10
1107,1108,2026-01-10
1108,1109,2026-01-10
1109,1110,2026-01-10
1110,1111,2026-01-10
1111,1112,2026-01-10
1112,1113,2026-01-10
1113,1114,2026-01-10
1114,1115,2026-01-10
1115,1116,2026-01-10
1116,1117,2026-01-10
1117,1118,2026-01-10
1118,1119,2026-01-10
1119,1120,2026-01-11
1120,1121,2026-01-11
1121,1122,2026-01-11
1122,1123,2026-01-11
1123,1124,2026-01-11
1124,1125,2026-01-11
1125,1126,2026-01-11
1126,1127,2026-01-11
1127,1128,2026-01-11
1128,1129,2026-01-11
1129,1130,2026-01-11
1130,1131,2026-01-11
1131,1132,2026-01-12
1132,1133,2026-01-12
1133,1134,2026-01-12
1134,1135,2026-01-12
1135,1136,2026-01-12
1136,1137,2026-01-12
1137,1138,2026-01-12
1138,1139,2026-01-12
1139,1140,2026-01-12
1140,1141,2026-01-12
1141,1142,2026-01-13
1142,1143,2026-01-13
1143,1144,2026-01-13
1144,1145,2026-01-13
1145,1146,2026-01-13
1146,1147,2026-01-13
1147,1148,2026-01-13
1148,1149,2026-01-13
1149,1150,2026-01-13
1150,1151,2026-01-13
1151,1152,2026-01-13
1152,1153,2026-01-13
1153,1154,2026-01-13
1154,1155,2026-01-14
1155,1156,2026-01-14
1156,1157,2026-01-14
1157,1158,2026-01-14
1158,1159,2026-01-14
1159,1160,2026-01-14
1160,1161,2026-01-14
1161,1162,2026-01-14
1162,1163,2026-01-14
1163,1164,2026-01-14
1164,1165,2026-01-14
1165,1166,2026-01-14
1166,1167,2026-01-15
1167,1168,2026-01-15
1168,1169,2026-01-15
1169,1170,2026-01-15
1170,1171,2026-01-15
1171,1172,2026-01-15
1172,1173,2026-01-15
1173,1174,2026-01-15
1174,1175,2026-01-15
1175,1176,2026-01-15
1176,1177,2026-01-15
1177,1178,2026-01-15
1178,1179,2026-01-15
1179,1180,2026-01-15
1180,1181,2026-01-15
1181,1182,2026-01-15
1182,1183,2026-01-15
1183,1184,2026-01-15
1184,1185,2026-01-15
1185,1186,2026-01-15
1186,1187,2026-01-16
1187,1188,2026-01-16
1188,1189,2026-01-16
1189,1190,2026-01-16
1190,1191,2026-01-16
1191,1192,2026-01-16
1192,1193,2026-01-16
1193,1194,2026-01-16
1194,1195,2026-01-16
1195,1196,2026-01-16
1196,1197,2026-01-17
1197,1198,2026-01-17
1198,1199,2026-01-17
1199,1200,2026-01-17
1200,1201,2026-01-17
1201,1202,2026-01-17
1202,1203,2026-01-17
1203,1204,2026-01-17
1204,1205,2026-01-17
1205,1206,2026-01-17
1206,1207,2026-01-17
1207,1208,2026-01-17
1208,1209,2026-01-17
1209,1210,2026-01-17
1210,1211,2026-01-17
1211,1212,2026-01-18
1212,1213,2026-01-18
1213,1214,2026-01-18
1214,1215,2026-01-18
1215,1216,2026-01-18
1216,1217,2026-01-18
1217,1218,2026-01-18
1218,1219,2026-01-18
1219,1220,2026-01-18
1220,1221,2026-01-18
1221,1222,2026-01-18
1222,1223,2026-01-18
1223,1224,2026-01-18
1224,1225,2026-01-19
1225,1226,2026-01-19
1226,1227,2026-01-19
1227,1228,2026-01-19
1228,1229,2026-01-19
1229,1230,2026-01-19
1230,1231,2026-01-19
1231,1232,2026-01-19
1232,1233,2026-01-19
1233,1234,2026-01-19
1234,1235,2026-01-19
1235,1236,2026-01-19
1236,1237,2026-01-19
1237,1238,2026-01-19
1238,1239,2026-01-20
1239,1240,2026-01-20
1240,1241,2026-01-20
1241,1242,2026-01-20
1242,1243,2026-01-20
1243,1244,2026-01-20
1244,1245,2026-01-20
1245,1246,2026-01-20
1246,1247,2026-01-20
1247,1248,2026-01-21
1248,1249,2026-01-21
1249,1250,2026-01-21
1250,1251,2026-01-21
1251,1252,2026-01-21
1252,1253,2026-01-21
1253,1254,2026-01-21
1254,1255,2026-01-21
1255,1256,2026-01-21
1256,1257,2026-01-21
1257,1258,2026-01-21
1258,1259,2026-01-21
1259,1260,2026-01-21
1260,1261,2026-01-21
1261,1262,2026-01-21
1262,1263,2026-01-21
1263,1264,2026-01-21
1264,1265,2026-01-21
1265,1266,2026-01-21
1266,1267,2026-01-22
1267,1268,2026-01-22
1268,1269,2026-01-22
1269,1270,2026-01-22
1270,1271,2026-01-22
1271,1272,2026-01-22
1272,1273,2026-01-22
1273,1274,2026-01-22
1274,1275,2026-01-22
1275,1276,2026-01-22
1276,1277,2026-01-22
1277,1278,2026-01-22
1278,1279,2026-01-22
1279,1280,2026-01-22
1280,1281,2026-01-23
1281,1282,2026-01-23
1282,1283,2026-01-23
1283,1284,2026-01-23
1284,1285,2026-01-23
1285,1286,2026-01-23
1286,1287,2026-01-23
1287,1288,2026-01-23
1288,1289,2026-01-23
1289,1290,2026-01-23
1290,1291,2026-01-23
1291,1292,2026-01-23
1292,1293,2026-01-23
1293,1294,2026-01-23
1294,1295,2026-01-23
1295,1296,2026-01-23
1296,1297,2026-01-23
1297,1298,2026-01-23
1298,1299,2026-01-24
1299,1300,2026-01-24
1300,1301,2026-01-24
1301,1302,2026-01-24
1302,1303,2026-01-24
1303,1304,2026-01-24
1304,1305,2026-01-24
1305,1306,2026-01-24
1306,1307,2026-01-24
1307,1308,2026-01-24
1308,1309,2026-01-24
1309,1310,2026-01-24
1310,1311,2026-01-24
1311,1312,2026-01-24
1312,1313,2026-01-24
1313,1314,2026-01-24
1314,1315,2026-01-24
1315,1316,2026-01-24
1316,1317,2026-01-24
1317,1318,2026-01-24
1318,1319,2026-01-24
1319,1320,2026-01-24
1320,1321,2026-01-24
1321,1322,2026-01-24
1322,1323,2026-01-24
1323,1324,2026-01-25
1324,1325,2026-01-25
1325,1326,2026-01-25
1326,1327,2026-01-25
1327,1328,2026-01-25
1328,1329,2026-01-25
1329,1330,2026-01-25
1330,1331,2026-01-25
1331,1332,2026-01-25
1332,1333,2026-01-25
1333,1334,2026-01-25
1334,1335,2026-01-25
1335,1336,2026-01-25
1336,1337,2026-01-26
1337,1338,2026-01-26
1338,1339,2026-01-26
1339,1340,2026-01-26
1340,1341,2026-01-26
1341,1342,2026-01-26
1342,1343,2026-01-26
1343,1344,2026-01-26
1344,1345,2026-01-26
1345,1346,2026-01-26
1346,1347,2026-01-26
1347,1348,2026-01-26
1348,1349,2026-01-26
1349,1350,2026-01-26
1350,1351,2026-01-26
1351,1352,2026-01-26
1352,1353,2026-01-27
1353,1354,2026-01-27
1354,1355,2026-01-27
1355,1356,2026-01-27
1356,1357,2026-01-27
1357,1358,2026-01-27
1358,1359,2026-01-27
1359,1360,2026-01-27
1360,1361,2026-01-27
1361,1362,2026-01-27
1362,1363,2026-01-27
1363,1364,2026-01-27
1364,1365,2026-01-27
1365,1366,2026-01-28
1366,1367,2026-01-28
1367,1368,2026-01-28
1368,1369,2026-01-28
1369,1370,2026-01-28
1370,1371,2026-01-28
1371,1372,2026-01-28
1372,1373,2026-01-28
1373,1374,2026-01-28
1374,1375,2026-01-28
1375,1376,2026-01-28
1376,1377,2026-01-28
1377,1378,2026-01-28
1378,1379,2026-01-29
1379,1380,2026-01-29
1380,1381,2026-01-29
1381,1382,2026-01-29
1382,1383,2026-01-29
1383,1384,2026-01-29
1384,1385,2026-01-29
1385,1386,2026-01-29
1386,1387,2026-01-29
1387,1388,2026-01-29
1388,1389,2026-01-29
1389,1390,2026-01-29
1390,1391,2026-01-29
1391,1392,2026-01-29
1392,1393,2026-01-29
1393,1394,2026-01-29
1394,1395,2026-01-29
1395,1396,2026-01-29
1396,1397,2026-01-29
1397,1398,2026-01-30
1398,1399,2026-01-30
1399,1400,2026-01-30
1400,1401,2026-01-30
1401,1402,2026-01-30
1402,1403,2026-01-30
1403,1404,2026-01-30
1404,1405,2026-01-30
1405,1406,2026-01-30
1406,1407,2026-01-30
1407,1408,2026-01-30
1408,1409,2026-01-30
1409,1410,2026-01-30
1410,1411,2026-01-30
1411,1412,2026-01-30
1412,1413,2026-01-31
1413,1414,2026-01-31
1414,1415,2026-01-31
1415,1416,2026-01-31
1416,1417,2026-01-31
1417,1418,2026-01-31
1418,1419,2026-01-31
1419,1420,2026-01-31
1420,1421,2026-01-31
1421,1422,2026-01-31
1422,1423,2026-01-31
1423,1424,2026-01-31
1424,1425,2026-01-31
1425,1426,2026-01-31
1426,1427,2026-01-31
1427,1428,2026-01-31
1428,1429,2026-01-31
1429,1430,2026-01-31
1430,1431,2026-01-31
1431,1432,2026-02-01
1432,1433,2026-02-01
1433,1434,2026-02-01
1434,1435,2026-02-01
1435,1436,2026-02-01
1436,1437,2026-02-01
1437,1438,2026-02-01
1438,1439,2026-02-01
1439,1440,2026-02-01
1440,1441,2026-02-01
1441,1442,2026-02-01
1442,1443,2026-02-01
1443,1444,2026-02-01
1444,1445,2026-02-01
1445,1446,2026-02-02
1446,1447,2026-02-02
1447,1448,2026-02-02
1448,1449,2026-02-02
1449,1450,2026-02-02
1450,1451,2026-02-02
1451,1452,2026-02-02
1452,1453,2026-02-02
1453,1454,2026-02-02
1454,1455,2026-02-02
1455,1456,2026-02-02
1456,1457,2026-02-02
1457,1458,2026-02-02
1458,1459,2026-02-02
1459,1460,2026-02-02
1460,1461,2026-02-02
1461,1462,2026-02-02
1462,1463,2026-02-02
1463,1464,2026-02-02
1464,1465,2026-02-02
1465,1466,2026-02-02
1466,1467,2026-02-02
1467,1468,2026-02-02
1468,1469,2026-02-02
1469,1470,2026-02-02
1470,1471,2026-02-02
1471,1472,2026-02-02
1472,1473,2026-02-03
1473,1474,2026-02-03
1474,1475,2026-02-03
1475,1476,2026-02-03
1476,1477,2026-02-03
1477,1478,2026-02-03
1478,1479,2026-02-03
1479,1480,2026-02-03
1480,1481,2026-02-03
1481,1482,2026-02-03
1482,1483,2026-02-03
1483,1484,2026-02-03
1484,1485,2026-02-03
1485,1486,2026-02-03
1486,1487,2026-02-03
1487,1488,2026-02-03
1488,1489,2026-02-03
1489,1490,2026-02-03
1490,1491,2026-02-03
1491,1492,2026-02-03
1492,1493,2026-02-04
1493,1494,2026-02-04
1494,1495,2026-02-04
1495,1496,2026-02-04
1496,1497,2026-02-04
1497,1498,2026-02-04
1498,1499,2026-02-04
1499,1500,2026-02-04
1500,1501,2026-02-04
1501,1502,2026-02-04
1502,1503,2026-02-04
1503,1504,2026-02-04
1504,1505,2026-02-04
1505,1506,2026-02-04
1506,1507,2026-02-04
1507,1508,2026-02-04
1508,1509,2026-02-04
1509,1510,2026-02-04
1510,1511,2026-02-05
1511,1512,2026-02-05
1512,1513,2026-02-05
1513,1514,2026-02-05
1514,1515,2026-02-05
1515,1516,2026-02-05
1516,1517,2026-02-05
1517,1518,2026-02-05
1518,1519,2026-02-05
1519,1520,2026-02-05
1520,1521,2026-02-05
1521,1522,2026-02-05
1522,1523,2026-02-05
1523,1524,2026-02-05
1524,1525,2026-02-05
1525,1526,2026-02-05
1526,1527,2026-02-05
1527,1528,2026-02-05
1528,1529,2026-02-05
1529,1530,2026-02-05
1530,1531,2026-02-05
1531,1532,2026-02-05
1532,1533,2026-02-05
1533,1534,2026-02-05
1534,1535,2026-02-05
1535,1536,2026-02-06
1536,1537,2026-02-06
1537,1538,2026-02-06
1538,1539,2026-02-06
1539,1540,2026-02-06
1540,1541,2026-02-06
1541,1542,2026-02-06
1542,1543,2026-02-06
1543,1544,2026-02-06
1544,1545,2026-02-06
1545,1546,2026-02-06
1546,1547,2026-02-06
1547,1548,2026-02-06
1548,1549,2026-02-06
1549,1550,2026-02-06
1550,1551,2026-02-06
1551,1552,2026-02-06
1552,1553,2026-02-06
1553,1554,2026-02-06
1554,1555,2026-02-06
1555,1556,2026-02-06
1556,1557,2026-02-06
1557,1558,2026-02-06
1558,1559,2026-02-06
1559,1560,2026-02-06
1560,1561,2026-02-07
1561,1562,2026-02-07
1562,1563,2026-02-07
1563,1564,2026-02-07
1564,1565,2026-02-07
1565,1566,2026-02-07
1566,1567,2026-02-07
1567,1568,2026-02-07
1568,1569,2026-02-07
1569,1570,2026-02-07
1570,1571,2026-02-07
1571,1572,2026-02-07
1572,1573,2026-02-07
1573,1574,2026-02-07
1574,1575,2026-02-07
1575,1576,2026-02-07
1576,1577,2026-02-07
1577,1578,2026-02-07
1578,1579,2026-02-07
1579,1580,2026-02-07
1580,1581,2026-02-07
1581,1582,2026-02-07
1582,1583,2026-02-07
1583,1584,2026-02-07
1584,1585,2026-02-07
1585,1586,2026-02-07
1586,1587,2026-02-07
1587,1588,2026-02-07
1588,1589,2026-02-07
1589,1590,2026-02-07
1590,1591,2026-02-07
1591,1592,2026-02-07
1592,1593,2026-02-07
1593,1594,2026-02-07
1594,1595,2026-02-08
1595,1596,2026-02-08
1596,1597,2026-02-08
1597,1598,2026-02-08
1598,1599,2026-02-08
1599,1600,2026-02-08
1600,1601,2026-02-08
1601,1602,2026-02-08
1602,1603,2026-02-08
1603,1604,2026-02-08
1604,1605,2026-02-08
1605,1606,2026-02-08
1606,1607,2026-02-08
1607,1608,2026-02-08
1608,1609,2026-02-08
1609,1610,2026-02-08
1610,1611,2026-02-08
1611,1612,2026-02-08
1612,1613,2026-02-09
1613,1614,2026-02-09
1614,1615,2026-02-09
1615,1616,2026-02-09
1616,1617,2026-02-09
1617,1618,2026-02-09
1618,1619,2026-02-09
1619,1620,2026-02-09
1620,1621,2026-02-09
1621,1622,2026-02-09
1622,1623,2026-02-09
1623,1624,2026-02-09
1624,1625,2026-02-09
1625,1626,2026-02-09
1626,1627,2026-02-09
1627,1628,2026-02-09
1628,1629,2026-02-09
1629,1630,2026-02-09
1630,1631,2026-02-09
1631,1632,2026-02-09
1632,1633,2026-02-09
1633,1634,2026-02-09
1634,1635,2026-02-10
1635,1636,2026-02-10
1636,1637,2026-02-10
1637,1638,2026-02-10
1638,1639,2026-02-10
1639,1640,2026-02-10
1640,1641,2026-02-10
1641,1642,2026-02-10
1642,1643,2026-02-10
1643,1644,2026-02-10
1644,1645,2026-02-10
1645,1646,2026-02-10
1646,1647,2026-02-10
1647,1648,2026-02-10
1648,1649,2026-02-10
1649,1650,2026-02-10
1650,1651,2026-02-10
1651,1652,2026-02-10
1652,1653,2026-02-11
1653,1654,2026-02-11
1654,1655,2026-02-11
1655,1656,2026-02-11
1656,1657,2026-02-11
1657,1658,2026-02-11
1658,1659,2026-02-11
1659,1660,2026-02-11
1660,1661,2026-02-11
1661,1662,2026-02-11
1662,1663,2026-02-11
1663,1664,2026-02-11
1664,1665,2026-02-11
1665,1666,2026-02-11
1666,1667,2026-02-11
1667,1668,2026-02-11
1668,1669,2026-02-11
1669,1670,2026-02-11
1670,1671,2026-02-12
1671,1672,2026-02-12
1672,1673,2026-02-12
1673,1674,2026-02-12
1674,1675,2026-02-12
1675,1676,2026-02-12
1676,1677,2026-02-12
1677,1678,2026-02-12
1678,1679,2026-02-12
1679,1680,2026-02-12
1680,1681,2026-02-12
1681,1682,2026-02-12
1682,1683,2026-02-12
1683,1684,2026-02-12
1684,1685,2026-02-12
1685,1686,2026-02-12
1686,1687,2026-02-12
1687,1688,2026-02-12
1688,1689,2026-02-12
1689,1690,2026-02-12
1690,1691,2026-02-12
1691,1692,2026-02-12
1692,1693,2026-02-12
1693,1694,2026-02-12
1694,1695,2026-02-12
1695,1696,2026-02-12
1696,1697,2026-02-13
1697,1698,2026-02-13
1698,1699,2026-02-13
1699,1700,2026-02-13
1700,1701,2026-02-13
1701,1702,2026-02-13
1702,1703,2026-02-13
1703,1704,2026-02-13
1704,1705,2026-02-13
1705,1706,2026-02-13
1706,1707,2026-02-13
1707,1708,2026-02-13
1708,1709,2026-02-13
1709,1710,2026-02-13
1710,1711,2026-02-13
1711,1712,2026-02-13
1712,1713,2026-02-13
1713,1714,2026-02-13
1714,1715,2026-02-13
1715,1716,2026-02-13
1716,1717,2026-02-13
1717,1718,2026-02-13
1718,1719,2026-02-13
1719,1720,2026-02-14
1720,1721,2026-02-14
1721,1722,2026-02-14
1722,1723,2026-02-14
1723,1724,2026-02-14
1724,1725,2026-02-14
1725,1726,2026-02-14
1726,1727,2026-02-14
1727,1728,2026-02-14
1728,1729,2026-02-14
1729,1730,2026-02-14
1730,1731,2026-02-14
1731,1732,2026-02-14
1732,1733,2026-02-14
1733,1734,2026-02-14
1734,1735,2026-02-14
1735,1736,2026-02-14
1736,1737,2026-02-14
1737,1738,2026-02-14
1738,1739,2026-02-14
1739,1740,2026-02-14
1740,1741,2026-02-14
1741,1742,2026-02-14
1742,1743,2026-02-14
1743,1744,2026-02-14
1744,1745,2026-02-14
1745,1746,2026-02-14
1746,1747,2026-02-15
1747,1748,2026-02-15
1748,1749,2026-02-15
1749,1750,2026-02-15
1750,1751,2026-02-15
1751,1752,2026-02-15
1752,1753,2026-02-15
1753,1754,2026-02-15
1754,1755,2026-02-15
1755,1756,2026-02-15
1756,1757,2026-02-15
1757,1758,2026-02-15
1758,1759,2026-02-15
1759,1760,2026-02-15
1760,1761,2026-02-15
1761,1762,2026-02-15
1762,1763,2026-02-15
1763,1764,2026-02-15
1764,1765,2026-02-15
1765,1766,2026-02-15
1766,1767,2026-02-15
1767,1768,2026-02-15
1768,1769,2026-02-15
1769,1770,2026-02-15
1770,1771,2026-02-15
1771,1772,2026-02-15
1772,1773,2026-02-15
1773,1774,2026-02-15
1774,1775,2026-02-16
1775,1776,2026-02-16
1776,1777,2026-02-16
1777,1778,2026-02-16
1778,1779,2026-02-16
1779,1780,2026-02-16
1780,1781,2026-02-16
1781,1782,2026-02-16
1782,1783,2026-02-16
1783,1784,2026-02-16
1784,1785,2026-02-16
1785,1786,2026-02-16
1786,1787,2026-02-16
1787,1788,2026-02-16
1788,1789,2026-02-16
1789,1790,2026-02-16
1790,1791,2026-02-16
1791,1792,2026-02-16
1792,1793,2026-02-16
1793,1794,2026-02-16
1794,1795,2026-02-16
1795,1796,2026-02-17
1796,1797,2026-02-17
1797,1798,2026-02-17
1798,1799,2026-02-17
1799,1800,2026-02-17
1800,1801,2026-02-17
1801,1802,2026-02-17
1802,1803,2026-02-17
1803,1804,2026-02-17
1804,1805,2026-02-17
1805,1806,2026-02-17
1806,1807,2026-02-17
1807,1808,2026-02-17
1808,1809,2026-02-17
1809,1810,2026-02-17
1810,1811,2026-02-17
1811,1812,2026-02-17
1812,1813,2026-02-17
1813,1814,2026-02-17
1814,1815,2026-02-17
1815,1816,2026-02-17
1816,1817,2026-02-17
1817,1818,2026-02-18
1818,1819,2026-02-18
1819,1820,2026-02-18
1820,1821,2026-02-18
1821,1822,2026-02-18
1822,1823,2026-02-18
1823,1824,2026-02-18
1824,1825,2026-02-18
1825,1826,2026-02-18
1826,1827,2026-02-18
1827,1828,2026-02-18
1828,1829,2026-02-18
1829,1830,2026-02-18
1830,1831,2026-02-18
1831,1832,2026-02-18
1832,1833,2026-02-18
1833,1834,2026-02-18
1834,1835,2026-02-18
1835,1836,2026-02-18
1836,1837,2026-02-18
1837,1838,2026-02-18
1838,1839,2026-02-18
1839,1840,2026-02-18
1840,1841,2026-02-18
1841,1842,2026-02-18
1842,1843,2026-02-18
1843,1844,2026-02-18
1844,1845,2026-02-18
1845,1846,2026-02-18
1846,1847,2026-02-18
1847,1848,2026-02-18
1848,1849,2026-02-19
1849,1850,2026-02-19
1850,1851,2026-02-19
1851,1852,2026-02-19
1852,1853,2026-02-19
1853,1854,2026-02-19
1854,1855,2026-02-19
1855,1856,2026-02-19
1856,1857,2026-02-19
1857,1858,2026-02-19
1858,1859,2026-02-19
1859,1860,2026-02-19
1860,1861,2026-02-19
1861,1862,2026-02-19
1862,1863,2026-02-19
1863,1864,2026-02-19
1864,1865,2026-02-19
1865,1866,2026-02-19
1866,1867,2026-02-19
1867,1868,2026-02-19
1868,1869,2026-02-19
1869,1870,2026-02-19
1870,1871,2026-02-19
1871,1872,2026-02-19
1872,1873,2026-02-19
1873,1874,2026-02-19
1874,1875,2026-02-20
1875,1876,2026-02-20
1876,1877,2026-02-20
1877,1878,2026-02-20
1878,1879,2026-02-20
1879,1880,2026-02-20
1880,1881,2026-02-20
1881,1882,2026-02-20
1882,1883,2026-02-20
1883,1884,2026-02-20
1884,1885,2026-02-20
1885,1886,2026-02-20
1886,1887,2026-02-20
1887,1888,2026-02-20
1888,1889,2026-02-20
1889,1890,2026-02-20
1890,1891,2026-02-20
1891,1892,2026-02-20
1892,1893,2026-02-20
1893,1894,2026-02-20
1894,1895,2026-02-20
1895,1896,2026-02-20
1896,1897,2026-02-20
1897,1898,2026-02-20
1898,1899,2026-02-20
1899,1900,2026-02-20
1900,1901,2026-02-20
1901,1902,2026-02-20
1902,1903,2026-02-20
1903,1904,2026-02-20
1904,1905,2026-02-20
1905,1906,2026-02-20
1906,1907,2026-02-21
1907,1908,2026-02-21
1908,1909,2026-02-21
1909,1910,2026-02-21
1910,1911,2026-02-21
1911,1912,2026-02-21
1912,1913,2026-02-21
1913,1914,2026-02-21
1914,1915,2026-02-21
1915,1916,2026-02-21
1916,1917,2026-02-21
1917,1918,2026-02-21
1918,1919,2026-02-21
1919,1920,2026-02-21
1920,1921,2026-02-21
1921,1922,2026-02-21
1922,1923,2026-02-21
1923,1924,2026-02-21
1924,1925,2026-02-21
1925,1926,2026-02-21
1926,1927,2026-02-21
1927,1928,2026-02-21
1928,1929,2026-02-21
1929,1930,2026-02-21
1930,1931,2026-02-21
1931,1932,2026-02-21
1932,1933,2026-02-21
