,session_id,transaction_id
0,12,1
1,18,2
2,20,3
3,22,4
4,30,5
5,33,6
6,37,7
7,42,8
8,49,9
9,51,10
10,53,11
11,75,12
12,78,13
13,81,14
14,85,15
15,90,16
16,98,17
17,99,18
18,107,19
19,109,20
20,110,21
21,123,22
22,127,23
23,133,24
24,138,25
25,140,26
26,141,27
27,148,28
28,150,29
29,164,30
30,170,31
31,174,32
32,184,33
33,185,34
34,186,35
35,191,36
36,195,37
37,198,38
38,200,39
39,202,40
40,214,41
41,225,42
42,227,43
43,228,44
44,230,45
45,231,46
46,238,47
47,241,48
48,242,49
49,250,50
50,251,51
51,253,52
52,256,53
53,260,54
54,262,55
55,270,56
56,272,57
57,286,58
58,288,59
59,299,60
60,306,61
61,307,62
62,308,63
63,310,64
64,311,65
65,312,66
66,315,67
67,317,68
68,333,69
69,335,70
70,338,71
71,351,72
72,357,73
73,359,74
74,361,75
75,363,76
76,366,77
77,367,78
78,378,79
79,387,80
80,390,81
81,393,82
82,396,83
83,399,84
84,409,85
85,410,86
86,422,87
87,424,88
88,426,89
89,431,90
90,439,91
91,440,92
92,445,93
93,456,94
94,457,95
95,463,96
96,467,97
97,472,98
98,473,99
99,478,100
100,479,101
101,488,102
102,495,103
103,498,104
104,513,105
105,517,106
106,518,107
107,520,108
108,525,109
109,527,110
110,530,111
111,532,112
112,533,113
113,542,114
114,546,115
115,550,116
116,554,117
117,562,118
118,569,119
119,571,120
120,575,121
121,577,122
122,587,123
123,599,124
124,600,125
125,601,126
126,603,127
127,604,128
128,608,129
129,612,130
130,615,131
131,618,132
132,643,133
133,646,134
134,654,135
135,664,136
136,666,137
137,668,138
138,671,139
139,673,140
140,680,141
141,685,142
142,686,143
143,694,144
144,698,145
145,706,146
146,708,147
147,713,148
148,715,149
149,721,150
150,729,151
151,733,152
152,737,153
153,748,154
154,749,155
155,755,156
156,762,157
157,766,158
158,768,159
159,770,160
160,785,161
161,793,162
162,795,163
163,797,164
164,800,165
165,801,166
166,816,167
167,821,168
168,824,169
169,838,170
170,840,171
171,841,172
172,843,173
173,844,174
174,851,175
175,852,176
176,853,177
177,857,178
178,860,179
179,864,180
180,869,181
181,885,182
182,886,183
183,887,184
184,888,185
185,889,186
186,893,187
187,900,188
188,903,189
189,906,190
190,907,191
191,915,192
192,921,193
193,927,194
194,928,195
195,931,196
196,937,197
197,941,198
198,949,199
199,950,200
200,954,201
201,957,202
202,959,203
203,967,204
204,970,205
205,972,206
206,975,207
207,984,208
208,985,209
209,989,210
210,990,211
211,992,212
212,1001,213
213,1004,214
214,1025,215
215,1039,216
216,1047,217
217,1049,218
218,1050,219
219,1060,220
220,1063,221
221,1065,222
222,1071,223
223,1076,224
224,1079,225
225,1085,226
226,1090,227
227,1091,228
228,1098,229
229,1099,230
230,1109,231
231,1111,232
232,1121,233
233,1123,234
234,1129,235
235,1132,236
236,1144,237
237,1146,238
238,1153,239
239,1158,240
240,1159,241
241,1171,242
242,1176,243
243,1178,244
244,1179,245
245,1183,246
246,1198,247
247,1207,248
248,1210,249
249,1219,250
250,1222,251
251,1235,252
252,1237,253
253,1242,254
254,1245,255
255,1248,256
256,1255,257
257,1263,258
258,1267,259
259,1269,260
260,1277,261
261,1284,262
262,1287,263
263,1303,264
264,1314,265
265,1329,266
266,1349,267
267,1354,268
268,1356,269
269,1364,270
270,1366,271
271,1376,272
272,1379,273
273,1384,274
274,1398,275
275,1399,276
276,1404,277
277,1408,278
278,1409,279
279,1410,280
280,1418,281
281,1422,282
282,1434,283
283,1448,284
284,1450,285
285,1453,286
286,1457,287
287,1460,288
288,1468,289
289,1470,290
290,1474,291
291,1484,292
292,1485,293
293,1500,294
294,1504,295
295,1505,296
296,1508,297
297,1515,298
298,1522,299
299,1524,300
300,1528,301
301,1529,302
302,1535,303
303,1537,304
304,1539,305
305,1545,306
306,1548,307
307,1549,308
308,1551,309
309,1553,310
310,1554,311
311,1556,312
312,1559,313
313,1560,314
314,1563,315
315,1565,316
316,1573,317
317,1578,318
318,1583,319
319,1585,320
320,1588,321
321,1590,322
322,1599,323
323,1601,324
324,1605,325
325,1606,326
326,1607,327
327,1612,328
328,1622,329
329,1630,330
330,1631,331
331,1636,332
332,1638,333
333,1640,334
334,1643,335
335,1647,336
336,1652,337
337,1656,338
338,1661,339
339,1665,340
340,1666,341
341,1667,342
342,1669,343
343,1673,344
344,1680,345
345,1681,346
346,1686,347
347,1688,348
348,1689,349
349,1696,350
350,1701,351
351,1706,352
352,1710,353
353,1712,354
354,1717,355
355,1723,356
356,1724,357
357,1729,358
358,1732,359
359,1735,360
360,1738,361
361,1739,362
362,1744,363
363,1745,364
364,1747,365
365,1748,366
366,1752,367
367,1753,368
368,1755,369
369,1763,370
370,1782,371
371,1784,372
372,1786,373
373,1788,374
374,1793,375
375,1796,376
376,1800,377
377,1811,378
378,1812,379
379,1814,380
380,1815,381
381,1816,382
382,1817,383
383,1818,384
384,1821,385
385,1823,386
386,1825,387
387,1826,388
388,1831,389
389,1834,390
390,1840,391
391,1842,392
392,1854,393
393,1856,394
394,1871,395
395,1873,396
396,1876,397
397,1880,398
398,1882,399
399,1883,400
400,1885,401
401,1887,402
402,1889,403
403,1891,404
404,1895,405
405,1904,406
406,1906,407
407,1913,408
408,1914,409
409,1915,410
410,1917,411
411,1918,412
412,1921,413
413,1925,414
414,1926,415
415,1927,416
416,1929,417
417,1930,418
418,1931,419
419,1932,420
420,1941,421
421,1943,422
422,1951,423
423,1952,424
424,1959,425
425,1983,426
426,1997,427
427,2003,428
428,2007,429
429,2022,430
430,2023,431
431,2024,432
432,2026,433
433,2036,434
434,2041,435
435,2046,436
436,2050,437
437,2062,438
438,2070,439
439,2072,440
440,2074,441
441,2075,442
442,2082,443
443,2085,444
444,2094,445
445,2098,446
446,2100,447
447,2109,448
448,2132,449
449,2134,450
450,2140,451
451,2152,452
452,2166,453
453,2168,454
454,2170,455
455,2175,456
456,2176,457
457,2178,458
458,2179,459
459,2192,460
460,2196,461
461,2207,462
462,2213,463
463,2224,464
464,2233,465
465,2236,466
466,2253,467
467,2258,468
468,2259,469
469,2262,470
470,2266,471
471,2268,472
472,2273,473
473,2278,474
474,2286,475
475,2290,476
476,2291,477
477,2293,478
478,2297,479
479,2302,480
480,2312,481
481,2318,482
482,2319,483
483,2322,484
484,2327,485
485,2329,486
486,2337,487
487,2342,488
488,2344,489
489,2358,490
490,2362,491
491,2365,492
492,2373,493
493,2378,494
494,2383,495
495,2389,496
496,2392,497
497,2408,498
498,2409,499
499,2414,500
500,2415,501
501,2424,502
502,2429,503
503,2431,504
504,2453,505
505,2457,506
506,2462,507
507,2479,508
508,2492,509
509,2501,510
510,2502,511
511,2507,512
512,2514,513
513,2517,514
514,2522,515
515,2532,516
516,2541,517
517,2543,518
518,2546,519
519,2553,520
520,2554,521
521,2558,522
522,2560,523
523,2562,524
524,2563,525
525,2566,526
526,2567,527
527,2568,528
528,2577,529
529,2584,530
530,2588,531
531,2591,532
532,2596,533
533,2600,534
534,2609,535
535,2611,536
536,2614,537
537,2620,538
538,2636,539
539,2642,540
540,2645,541
541,2646,542
542,2651,543
543,2663,544
544,2670,545
545,2672,546
546,2673,547
547,2675,548
548,2677,549
549,2679,550
550,2680,551
551,2681,552
552,2683,553
553,2684,554
554,2685,555
555,2693,556
556,2695,557
557,2703,558
558,2715,559
559,2717,560
560,2719,561
561,2731,562
562,2733,563
563,2743,564
564,2746,565
565,2747,566
566,2751,567
567,2757,568
568,2760,569
569,2763,570
570,2768,571
571,2771,572
572,2776,573
573,2779,574
574,2784,575
575,2790,576
576,2792,577
577,2793,578
578,2805,579
579,2808,580
580,2809,581
581,2810,582
582,2811,583
583,2817,584
584,2819,585
585,2826,586
586,2827,587
587,2832,588
588,2835,589
589,2840,590
590,2847,591
591,2848,592
592,2849,593
593,2852,594
594,2857,595
595,2862,596
596,2863,597
597,2864,598
598,2866,599
599,2867,600
600,2887,601
601,2891,602
602,2897,603
603,2902,604
604,2916,605
605,2917,606
606,2918,607
607,2919,608
608,2920,609
609,2925,610
610,2938,611
611,2943,612
612,2946,613
613,2957,614
614,2962,615
615,2966,616
616,2967,617
617,2968,618
618,2976,619
619,2977,620
620,2981,621
621,2987,622
622,2995,623
623,2997,624
624,3001,625
625,3002,626
626,3003,627
627,3006,628
628,3012,629
629,3014,630
630,3016,631
631,3022,632
632,3024,633
633,3028,634
634,3045,635
635,3047,636
636,3048,637
637,3049,638
638,3056,639
639,3062,640
640,3067,641
641,3068,642
642,3072,643
643,3075,644
644,3077,645
645,3081,646
646,3093,647
647,3098,648
648,3099,649
649,3107,650
650,3116,651
651,3127,652
652,3128,653
653,3154,654
654,3163,655
655,3172,656
656,3173,657
657,3175,658
658,3188,659
659,3189,660
660,3192,661
661,3203,662
662,3211,663
663,3214,664
664,3220,665
665,3233,666
666,3239,667
667,3255,668
668,3260,669
669,3261,670
670,3270,671
671,3271,672
672,3287,673
673,3290,674
674,3291,675
675,3293,676
676,3301,677
677,3306,678
678,3311,679
679,3313,680
680,3321,681
681,3322,682
682,3327,683
683,3328,684
684,3333,685
685,3339,686
686,3346,687
687,3353,688
688,3355,689
689,3361,690
690,3377,691
691,3379,692
692,3380,693
693,3382,694
694,3389,695
695,3396,696
696,3412,697
697,3414,698
698,3435,699
699,3443,700
700,3445,701
701,3453,702
702,3455,703
703,3457,704
704,3460,705
705,3467,706
706,3469,707
707,3470,708
708,3479,709
709,3490,710
710,3497,711
711,3498,712
712,3503,713
713,3505,714
714,3510,715
715,3513,716
716,3517,717
717,3518,718
718,3519,719
719,3524,720
720,3528,721
721,3529,722
722,3533,723
723,3536,724
724,3541,725
725,3543,726
726,3552,727
727,3555,728
728,3573,729
729,3581,730
730,3589,731
731,3590,732
732,3594,733
733,3596,734
734,3600,735
735,3601,736
736,3606,737
737,3608,738
738,3610,739
739,3611,740
740,3614,741
741,3615,742
742,3618,743
743,3621,744
744,3629,745
745,3631,746
746,3632,747
747,3636,748
748,3641,749
749,3644,750
750,3648,751
751,3653,752
752,3656,753
753,3660,754
754,3667,755
755,3678,756
756,3682,757
757,3683,758
758,3684,759
759,3691,760
760,3698,761
761,3703,762
762,3704,763
763,3715,764
764,3749,765
765,3753,766
766,3766,767
767,3768,768
768,3770,769
769,3771,770
770,3773,771
771,3777,772
772,3781,773
773,3782,774
774,3784,775
775,3785,776
776,3787,777
777,3789,778
778,3791,779
779,3794,780
780,3796,781
781,3812,782
782,3816,783
783,3822,784
784,3824,785
785,3832,786
786,3837,787
787,3850,788
788,3854,789
789,3859,790
790,3870,791
791,3876,792
792,3882,793
793,3883,794
794,3884,795
795,3885,796
796,3907,797
797,3920,798
798,3926,799
799,3929,800
800,3962,801
801,3967,802
802,3968,803
803,3972,804
804,3979,805
805,3989,806
806,3990,807
807,3991,808
808,3996,809
809,4001,810
810,4002,811
811,4020,812
812,4024,813
813,4048,814
814,4049,815
815,4053,816
816,4057,817
817,4058,818
818,4067,819
819,4070,820
820,4074,821
821,4076,822
822,4077,823
823,4080,824
824,4084,825
825,4096,826
826,4115,827
827,4119,828
828,4123,829
829,4128,830
830,4133,831
831,4134,832
832,4142,833
833,4143,834
834,4146,835
835,4147,836
836,4156,837
837,4157,838
838,4187,839
839,4191,840
840,4192,841
841,4193,842
842,4201,843
843,4202,844
844,4204,845
845,4208,846
846,4210,847
847,4213,848
848,4216,849
849,4217,850
850,4218,851
851,4225,852
852,4229,853
853,4244,854
854,4246,855
855,4254,856
856,4265,857
857,4267,858
858,4272,859
859,4274,860
860,4277,861
861,4282,862
862,4284,863
863,4292,864
864,4306,865
865,4308,866
866,4314,867
867,4318,868
868,4325,869
869,4329,870
870,4333,871
871,4342,872
872,4343,873
873,4348,874
874,4361,875
875,4365,876
876,4367,877
877,4369,878
878,4371,879
879,4379,880
880,4381,881
881,4383,882
882,4384,883
883,4390,884
884,4398,885
885,4399,886
886,4401,887
887,4407,888
888,4418,889
889,4419,890
890,4424,891
891,4439,892
892,4444,893
893,4447,894
894,4450,895
895,4452,896
896,4455,897
897,4462,898
898,4466,899
899,4467,900
900,4470,901
901,4472,902
902,4484,903
903,4499,904
904,4502,905
905,4505,906
906,4506,907
907,4507,908
908,4508,909
909,4509,910
910,4515,911
911,4516,912
912,4519,913
913,4523,914
914,4524,915
915,4527,916
916,4533,917
917,4542,918
918,4545,919
919,4550,920
920,4551,921
921,4556,922
922,4561,923
923,4565,924
924,4566,925
925,4573,926
926,4574,927
927,4578,928
928,4582,929
929,4591,930
930,4592,931
931,4595,932
932,4601,933
933,4605,934
934,4607,935
935,4608,936
936,4609,937
937,4614,938
938,4634,939
939,4637,940
940,4643,941
941,4650,942
942,4655,943
943,4660,944
944,4661,945
945,4663,946
946,4664,947
947,4669,948
948,4672,949
949,4673,950
950,4676,951
951,4680,952
952,4684,953
953,4688,954
954,4693,955
955,4700,956
956,4702,957
957,4715,958
958,4716,959
959,4726,960
960,4751,961
961,4764,962
962,4768,963
963,4771,964
964,4775,965
965,4779,966
966,4780,967
967,4782,968
968,4785,969
969,4787,970
970,4794,971
971,4795,972
972,4798,973
973,4801,974
974,4806,975
975,4810,976
976,4816,977
977,4817,978
978,4818,979
979,4830,980
980,4831,981
981,4834,982
982,4846,983
983,4855,984
984,4863,985
985,4868,986
986,4871,987
987,4875,988
988,4877,989
989,4878,990
990,4879,991
991,4885,992
992,4888,993
993,4903,994
994,4908,995
995,4910,996
996,4914,997
997,4920,998
998,4921,999
999,4925,1000
1000,4934,1001
1001,4938,1002
1002,4944,1003
1003,4945,1004
1004,4947,1005
1005,4958,1006
1006,4960,1007
1007,4968,1008
1008,4970,1009
1009,4973,1010
1010,4974,1011
1011,4976,1012
1012,4978,1013
1013,4982,1014
1014,4984,1015
1015,4987,1016
1016,4990,1017
1017,4996,1018
1018,5001,1019
1019,5002,1020
1020,5006,1021
1021,5008,1022
1022,5017,1023
1023,5019,1024
1024,5026,1025
1025,5029,1026
1026,5032,1027
1027,5033,1028
1028,5041,1029
1029,5042,1030
1030,5052,1031
1031,5054,1032
1032,5061,1033
1033,5070,1034
1034,5071,1035
1035,5072,1036
1036,5075,1037
1037,5076,1038
1038,5079,1039
1039,5083,1040
1040,5091,1041
1041,5092,1042
1042,5097,1043
1043,5121,1044
1044,5122,1045
1045,5143,1046
1046,5145,1047
1047,5147,1048
1048,5156,1049
1049,5166,1050
1050,5171,1051
1051,5175,1052
1052,5180,1053
1053,5181,1054
1054,5184,1055
1055,5186,1056
1056,5189,1057
1057,5191,1058
1058,5195,1059
1059,5201,1060
1060,5207,1061
1061,5209,1062
1062,5210,1063
1063,5212,1064
1064,5215,1065
1065,5218,1066
1066,5226,1067
1067,5228,1068
1068,5231,1069
1069,5234,1070
1070,5246,1071
1071,5259,1072
1072,5260,1073
1073,5263,1074
1074,5270,1075
1075,5272,1076
1076,5286,1077
1077,5287,1078
1078,5289,1079
1079,5295,1080
1080,5296,1081
1081,5297,1082
1082,5300,1083
1083,5301,1084
1084,5302,1085
1085,5308,1086
1086,5309,1087
1087,5312,1088
1088,5315,1089
1089,5316,1090
1090,5319,1091
1091,5330,1092
1092,5338,1093
1093,5342,1094
1094,5344,1095
1095,5345,1096
1096,5349,1097
1097,5353,1098
1098,5355,1099
1099,5365,1100
1100,5372,1101
1101,5378,1102
1102,5395,1103
1103,5396,1104
1104,5397,1105
1105,5404,1106
1106,5412,1107
1107,5415,1108
1108,5419,1109
1109,5424,1110
1110,5425,1111
1111,5426,1112
1112,5427,1113
1113,5430,1114
1114,5437,1115
1115,5441,1116
1116,5443,1117
1117,5447,1118
1118,5463,1119
1119,5465,1120
1120,5466,1121
1121,5467,1122
1122,5469,1123
1123,5472,1124
1124,5478,1125
1125,5481,1126
1126,5482,1127
1127,5485,1128
1128,5487,1129
1129,5494,1130
1130,5500,1131
1131,5505,1132
1132,5507,1133
1133,5508,1134
1134,5509,1135
1135,5511,1136
1136,5523,1137
1137,5527,1138
1138,5531,1139
1139,5535,1140
1140,5544,1141
1141,5545,1142
1142,5548,1143
1143,5549,1144
1144,5550,1145
1145,5560,1146
1146,5568,1147
1147,5575,1148
1148,5578,1149
1149,5581,1150
1150,5582,1151
1151,5587,1152
1152,5591,1153
1153,5593,1154
1154,5594,1155
1155,5596,1156
1156,5597,1157
1157,5599,1158
1158,5602,1159
1159,5603,1160
1160,5605,1161
1161,5608,1162
1162,5610,1163
1163,5611,1164
1164,5613,1165
1165,5621,1166
1166,5624,1167
1167,5628,1168
1168,5630,1169
1169,5644,1170
1170,5647,1171
1171,5659,1172
1172,5662,1173
1173,5674,1174
1174,5677,1175
1175,5680,1176
1176,5684,1177
1177,5688,1178
1178,5694,1179
1179,5705,1180
1180,5707,1181
1181,5712,1182
1182,5715,1183
1183,5716,1184
1184,5718,1185
1185,5719,1186
1186,5720,1187
1187,5729,1188
1188,5730,1189
1189,5731,1190
1190,5733,1191
1191,5734,1192
1192,5738,1193
1193,5743,1194
1194,5745,1195
1195,5751,1196
1196,5759,1197
1197,5772,1198
1198,5776,1199
1199,5780,1200
1200,5782,1201
1201,5783,1202
1202,5784,1203
1203,5787,1204
1204,5788,1205
1205,5790,1206
1206,5796,1207
1207,5799,1208
1208,5805,1209
1209,5810,1210
1210,5812,1211
1211,5814,1212
1212,5818,1213
1213,5827,1214
1214,5836,1215
1215,5848,1216
1216,5861,1217
1217,5862,1218
1218,5865,1219
1219,5867,1220
1220,5869,1221
1221,5879,1222
1222,5882,1223
1223,5885,1224
1224,5887,1225
1225,5888,1226
1226,5899,1227
1227,5902,1228
1228,5911,1229
1229,5913,1230
1230,5917,1231
1231,5920,1232
1232,5921,1233
1233,5933,1234
1234,5936,1235
1235,5939,1236
1236,5951,1237
1237,5952,1238
1238,5953,1239
1239,5954,1240
1240,5964,1241
1241,5965,1242
1242,5970,1243
1243,5975,1244
1244,5977,1245
1245,5983,1246
1246,5993,1247
1247,5995,1248
1248,6001,1249
1249,6005,1250
1250,6011,1251
1251,6020,1252
1252,6025,1253
1253,6030,1254
1254,6041,1255
1255,6044,1256
1256,6061,1257
1257,6064,1258
1258,6066,1259
1259,6067,1260
1260,6068,1261
1261,6076,1262
1262,6081,1263
1263,6082,1264
1264,6084,1265
1265,6086,1266
1266,6088,1267
1267,6092,1268
1268,6101,1269
1269,6104,1270
1270,6105,1271
1271,6110,1272
1272,6115,1273
1273,6116,1274
1274,6120,1275
1275,6123,1276
1276,6131,1277
1277,6133,1278
1278,6135,1279
1279,6136,1280
1280,6137,1281
1281,6141,1282
1282,6142,1283
1283,6152,1284
1284,6156,1285
1285,6161,1286
1286,6169,1287
1287,6184,1288
1288,6187,1289
1289,6194,1290
1290,6195,1291
1291,6202,1292
1292,6208,1293
1293,6211,1294
1294,6222,1295
1295,6225,1296
1296,6230,1297
1297,6243,1298
1298,6247,1299
1299,6254,1300
1300,6256,1301
1301,6258,1302
1302,6261,1303
1303,6269,1304
1304,6270,1305
1305,6277,1306
1306,6278,1307
1307,6295,1308
1308,6302,1309
1309,6303,1310
1310,6304,1311
1311,6308,1312
1312,6311,1313
1313,6316,1314
1314,6318,1315
1315,6323,1316
1316,6324,1317
1317,6328,1318
1318,6332,1319
1319,6333,1320
1320,6336,1321
1321,6338,1322
1322,6340,1323
1323,6349,1324
1324,6350,1325
1325,6354,1326
1326,6360,1327
1327,6369,1328
1328,6374,1329
1329,6379,1330
1330,6381,1331
1331,6386,1332
1332,6393,1333
1333,6394,1334
1334,6402,1335
1335,6403,1336
1336,6417,1337
1337,6429,1338
1338,6435,1339
1339,6436,1340
1340,6441,1341
1341,6442,1342
1342,6451,1343
1343,6465,1344
1344,6469,1345
1345,6470,1346
1346,6475,1347
1347,6477,1348
1348,6478,1349
1349,6481,1350
1350,6483,1351
1351,6488,1352
1352,6491,1353
1353,6492,1354
1354,6497,1355
1355,6500,1356
1356,6503,1357
1357,6506,1358
1358,6511,1359
1359,6516,1360
1360,6517,1361
1361,6523,1362
1362,6529,1363
1363,6530,1364
1364,6531,1365
1365,6536,1366
1366,6538,1367
1367,6540,1368
1368,6544,1369
1369,6548,1370
1370,6562,1371
1371,6566,1372
1372,6567,1373
1373,6570,1374
1374,6576,1375
1375,6579,1376
1376,6580,1377
1377,6592,1378
1378,6593,1379
1379,6598,1380
1380,6601,1381
1381,6608,1382
1382,6617,1383
1383,6620,1384
1384,6632,1385
1385,6634,1386
1386,6646,1387
1387,6647,1388
1388,6656,1389
1389,6658,1390
1390,6674,1391
1391,6675,1392
1392,6680,1393
1393,6685,1394
1394,6693,1395
1395,6708,1396
1396,6711,1397
1397,6718,1398
1398,6724,1399
1399,6737,1400
1400,6739,1401
1401,6748,1402
1402,6750,1403
1403,6757,1404
1404,6759,1405
1405,6763,1406
1406,6766,1407
1407,6773,1408
1408,6783,1409
1409,6785,1410
1410,6788,1411
1411,6801,1412
1412,6809,1413
1413,6810,1414
1414,6811,1415
1415,6821,1416
1416,6822,1417
1417,6826,1418
1418,6830,1419
1419,6831,1420
1420,6833,1421
1421,6839,1422
1422,6841,1423
1423,6846,1424
1424,6848,1425
1425,6849,1426
1426,6854,1427
1427,6855,1428
1428,6869,1429
1429,6870,1430
1430,6872,1431
1431,6877,1432
1432,6878,1433
1433,6883,1434
1434,6885,1435
1435,6902,1436
1436,6908,1437
1437,6911,1438
1438,6914,1439
1439,6917,1440
1440,6925,1441
1441,6927,1442
1442,6931,1443
1443,6932,1444
1444,6934,1445
1445,6937,1446
1446,6948,1447
1447,6949,1448
1448,6951,1449
1449,6953,1450
1450,6956,1451
1451,6971,1452
1452,6980,1453
1453,6983,1454
1454,6984,1455
1455,6985,1456
1456,6987,1457
1457,6992,1458
1458,6995,1459
1459,6996,1460
1460,7002,1461
1461,7003,1462
1462,7005,1463
1463,7013,1464
1464,7016,1465
1465,7019,1466
1466,7023,1467
1467,7028,1468
1468,7031,1469
1469,7032,1470
1470,7033,1471
1471,7035,1472
1472,7039,1473
1473,7042,1474
1474,7043,1475
1475,7047,1476
1476,7050,1477
1477,7058,1478
1478,7063,1479
1479,7066,1480
1480,7067,1481
1481,7068,1482
1482,7073,1483
1483,7076,1484
1484,7082,1485
1485,7085,1486
1486,7087,1487
1487,7090,1488
1488,7099,1489
1489,7100,1490
1490,7108,1491
1491,7110,1492
1492,7111,1493
1493,7113,1494
1494,7115,1495
1495,7118,1496
1496,7119,1497
1497,7121,1498
1498,7130,1499
1499,7132,1500
1500,7133,1501
1501,7136,1502
1502,7141,1503
1503,7144,1504
1504,7153,1505
1505,7186,1506
1506,7189,1507
1507,7190,1508
1508,7191,1509
1509,7199,1510
1510,7201,1511
1511,7202,1512
1512,7203,1513
1513,7221,1514
1514,7225,1515
1515,7233,1516
1516,7243,1517
1517,7248,1518
1518,7250,1519
1519,7255,1520
1520,7264,1521
1521,7265,1522
1522,7266,1523
1523,7276,1524
1524,7277,1525
1525,7281,1526
1526,7284,1527
1527,7294,1528
1528,7295,1529
1529,7296,1530
1530,7303,1531
1531,7307,1532
1532,7311,1533
1533,7320,1534
1534,7322,1535
1535,7331,1536
1536,7337,1537
1537,7341,1538
1538,7343,1539
1539,7352,1540
1540,7356,1541
1541,7360,1542
1542,7365,1543
1543,7367,1544
1544,7369,1545
1545,7379,1546
1546,7381,1547
1547,7386,1548
1548,7387,1549
1549,7392,1550
1550,7396,1551
1551,7397,1552
1552,7398,1553
1553,7407,1554
1554,7409,1555
1555,7418,1556
1556,7419,1557
1557,7425,1558
1558,7426,1559
1559,7441,1560
1560,7445,1561
1561,7446,1562
1562,7450,1563
1563,7452,1564
1564,7454,1565
1565,7461,1566
1566,7466,1567
1567,7474,1568
1568,7478,1569
1569,7488,1570
1570,7495,1571
1571,7500,1572
1572,7504,1573
1573,7513,1574
1574,7522,1575
1575,7523,1576
1576,7530,1577
1577,7540,1578
1578,7544,1579
1579,7546,1580
1580,7551,1581
1581,7552,1582
1582,7558,1583
1583,7565,1584
1584,7567,1585
1585,7569,1586
1586,7580,1587
1587,7591,1588
1588,7594,1589
1589,7600,1590
1590,7611,1591
1591,7616,1592
1592,7617,1593
1593,7619,1594
1594,7623,1595
1595,7633,1596
1596,7637,1597
1597,7639,1598
1598,7645,1599
1599,7653,1600
1600,7662,1601
1601,7666,1602
1602,7667,1603
1603,7673,1604
1604,7674,1605
1605,7675,1606
1606,7676,1607
1607,7678,1608
1608,7680,1609
1609,7693,1610
1610,7699,1611
1611,7704,1612
1612,7710,1613
1613,7711,1614
1614,7712,1615
1615,7717,1616
1616,7730,1617
1617,7731,1618
1618,7732,1619
1619,7733,1620
1620,7740,1621
1621,7741,1622
1622,7744,1623
1623,7748,1624
1624,7752,1625
1625,7753,1626
1626,7766,1627
1627,7789,1628
1628,7790,1629
1629,7791,1630
1630,7792,1631
1631,7794,1632
1632,7797,1633
1633,7809,1634
1634,7810,1635
1635,7836,1636
1636,7847,1637
1637,7855,1638
1638,7857,1639
1639,7862,1640
1640,7865,1641
1641,7867,1642
1642,7872,1643
1643,7874,1644
1644,7877,1645
1645,7878,1646
1646,7891,1647
1647,7898,1648
1648,7910,1649
1649,7917,1650
1650,7918,1651
1651,7923,1652
1652,7928,1653
1653,7937,1654
1654,7938,1655
1655,7940,1656
1656,7945,1657
1657,7948,1658
1658,7949,1659
1659,7950,1660
1660,7952,1661
1661,7955,1662
1662,7958,1663
1663,7964,1664
1664,7972,1665
1665,7973,1666
1666,7978,1667
1667,7982,1668
1668,7983,1669
1669,7986,1670
1670,7987,1671
1671,7996,1672
1672,8001,1673
1673,8005,1674
1674,8013,1675
1675,8019,1676
1676,8024,1677
1677,8026,1678
1678,8045,1679
1679,8048,1680
1680,8062,1681
1681,8070,1682
1682,8076,1683
1683,8081,1684
1684,8082,1685
1685,8083,1686
1686,8090,1687
1687,8103,1688
1688,8108,1689
1689,8111,1690
1690,8114,1691
1691,8118,1692
1692,8122,1693
1693,8127,1694
1694,8131,1695
1695,8132,1696
1696,8134,1697
1697,8135,1698
1698,8137,1699
1699,8139,1700
1700,8141,1701
1701,8142,1702
1702,8143,1703
1703,8152,1704
1704,8167,1705
1705,8174,1706
1706,8179,1707
1707,8183,1708
1708,8184,1709
1709,8185,1710
1710,8187,1711
1711,8193,1712
1712,8198,1713
1713,8200,1714
1714,8202,1715
1715,8213,1716
1716,8215,1717
1717,8216,1718
1718,8217,1719
1719,8219,1720
1720,8224,1721
1721,8226,1722
1722,8227,1723
1723,8231,1724
1724,8233,1725
1725,8237,1726
1726,8238,1727
1727,8240,1728
1728,8246,1729
1729,8258,1730
1730,8266,1731
1731,8275,1732
1732,8284,1733
1733,8289,1734
1734,8302,1735
1735,8309,1736
1736,8313,1737
1737,8318,1738
1738,8320,1739
1739,8330,1740
1740,8334,1741
1741,8337,1742
1742,8341,1743
1743,8361,1744
1744,8362,1745
1745,8363,1746
1746,8366,1747
1747,8371,1748
1748,8373,1749
1749,8399,1750
1750,8400,1751
1751,8408,1752
1752,8409,1753
1753,8410,1754
1754,8412,1755
1755,8414,1756
1756,8421,1757
1757,8423,1758
1758,8425,1759
1759,8436,1760
1760,8438,1761
1761,8439,1762
1762,8441,1763
1763,8442,1764
1764,8444,1765
1765,8454,1766
1766,8455,1767
1767,8460,1768
1768,8465,1769
1769,8469,1770
1770,8470,1771
1771,8472,1772
1772,8475,1773
1773,8480,1774
1774,8484,1775
1775,8494,1776
1776,8495,1777
1777,8498,1778
1778,8499,1779
1779,8509,1780
1780,8513,1781
1781,8519,1782
1782,8523,1783
1783,8524,1784
1784,8530,1785
1785,8532,1786
1786,8539,1787
1787,8545,1788
1788,8552,1789
1789,8553,1790
1790,8554,1791
1791,8562,1792
1792,8573,1793
1793,8591,1794
1794,8595,1795
1795,8597,1796
1796,8610,1797
1797,8623,1798
1798,8624,1799
1799,8629,1800
1800,8630,1801
1801,8634,1802
1802,8637,1803
1803,8645,1804
1804,8651,1805
1805,8655,1806
1806,8659,1807
1807,8665,1808
1808,8676,1809
1809,8680,1810
1810,8689,1811
1811,8691,1812
1812,8692,1813
1813,8701,1814
1814,8715,1815
1815,8719,1816
1816,8724,1817
1817,8725,1818
1818,8727,1819
1819,8729,1820
1820,8737,1821
1821,8746,1822
1822,8754,1823
1823,8765,1824
1824,8766,1825
1825,8771,1826
1826,8776,1827
1827,8778,1828
1828,8780,1829
1829,8784,1830
1830,8798,1831
1831,8803,1832
1832,8804,1833
1833,8812,1834
1834,8816,1835
1835,8820,1836
1836,8839,1837
1837,8848,1838
1838,8852,1839
1839,8857,1840
1840,8861,1841
1841,8871,1842
1842,8882,1843
1843,8891,1844
1844,8904,1845
1845,8907,1846
1846,8919,1847
1847,8921,1848
1848,8928,1849
1849,8936,1850
1850,8945,1851
1851,8948,1852
1852,8956,1853
1853,8964,1854
1854,8971,1855
1855,8974,1856
1856,8975,1857
1857,8977,1858
1858,8979,1859
1859,8984,1860
1860,8992,1861
1861,8994,1862
1862,9001,1863
1863,9014,1864
1864,9023,1865
1865,9028,1866
1866,9042,1867
1867,9046,1868
1868,9048,1869
1869,9050,1870
1870,9051,1871
1871,9080,1872
1872,9088,1873
1873,9095,1874
1874,9101,1875
1875,9113,1876
1876,9116,1877
1877,9121,1878
1878,9131,1879
1879,9132,1880
1880,9140,1881
1881,9145,1882
1882,9153,1883
1883,9156,1884
1884,9158,1885
1885,9161,1886
1886,9162,1887
1887,9175,1888
1888,9181,1889
1889,9182,1890
1890,9184,1891
1891,9185,1892
1892,9186,1893
1893,9188,1894
1894,9189,1895
1895,9191,1896
1896,9192,1897
1897,9203,1898
1898,9222,1899
1899,9232,1900
1900,9251,1901
1901,9254,1902
1902,9261,1903
1903,9264,1904
1904,9266,1905
1905,9267,1906
1906,9269,1907
1907,9272,1908
1908,9274,1909
1909,9280,1910
1910,9294,1911
1911,9305,1912
1912,9306,1913
1913,9309,1914
1914,9314,1915
1915,9323,1916
1916,9332,1917
1917,9335,1918
1918,9344,1919
1919,9353,1920
1920,9362,1921
1921,9367,1922
1922,9375,1923
1923,9376,1924
1924,9381,1925
1925,9386,1926
1926,9389,1927
1927,9390,1928
1928,9404,1929
1929,9435,1930
1930,9440,1931
1931,9443,1932
1932,9445,1933
1933,9451,1934
1934,9454,1935
1935,9456,1936
1936,9462,1937
1937,9472,1938
1938,9475,1939
1939,9493,1940
1940,9499,1941
1941,9502,1942
1942,9511,1943
1943,9517,1944
1944,9522,1945
1945,9531,1946
1946,9534,1947
1947,9541,1948
1948,9542,1949
1949,9546,1950
1950,9550,1951
1951,9554,1952
1952,9557,1953
1953,9561,1954
1954,9562,1955
1955,9564,1956
1956,9570,1957
1957,9582,1958
1958,9589,1959
1959,9597,1960
1960,9605,1961
1961,9606,1962
1962,9609,1963
1963,9615,1964
1964,9624,1965
1965,9630,1966
1966,9632,1967
1967,9633,1968
1968,9638,1969
1969,9642,1970
1970,9645,1971
1971,9651,1972
1972,9658,1973
1973,9666,1974
1974,9669,1975
1975,9670,1976
1976,9673,1977
1977,9676,1978
1978,9678,1979
1979,9681,1980
1980,9683,1981
1981,9685,1982
1982,9688,1983
1983,9690,1984
1984,9692,1985
1985,9694,1986
1986,9700,1987
1987,9706,1988
1988,9709,1989
1989,9711,1990
1990,9712,1991
1991,9715,1992
1992,9732,1993
1993,9735,1994
1994,9737,1995
1995,9741,1996
1996,9757,1997
1997,9759,1998
1998,9764,1999
1999,9765,2000
2000,9770,2001
2001,9778,2002
2002,9779,2003
2003,9790,2004
2004,9802,2005
2005,9804,2006
2006,9805,2007
2007,9813,2008
2008,9814,2009
2009,9822,2010
2010,9830,2011
2011,9834,2012
2012,9836,2013
2013,9840,2014
2014,9853,2015
2015,9857,2016
2016,9860,2017
2017,9864,2018
2018,9865,2019
2019,9869,2020
2020,9875,2021
2021,9881,2022
2022,9883,2023
2023,9893,2024
2024,9895,2025
2025,9899,2026
2026,9900,2027
2027,9902,2028
2028,9911,2029
2029,9915,2030
2030,9917,2031
2031,9918,2032
2032,9922,2033
2033,9924,2034
2034,9935,2035
2035,9936,2036
2036,9937,2037
2037,9947,2038
2038,9954,2039
2039,9956,2040
2040,9957,2041
2041,9959,2042
2042,9960,2043
2043,9965,2044
2044,9966,2045
2045,9968,2046
2046,9972,2047
2047,9974,2048
2048,9987,2049
2049,9988,2050
2050,9991,2051
2051,10008,2052
2052,10009,2053
2053,10010,2054
2054,10015,2055
2055,10016,2056
2056,10017,2057
2057,10020,2058
2058,10023,2059
2059,10024,2060
2060,10032,2061
2061,10035,2062
2062,10037,2063
2063,10040,2064
2064,10056,2065
2065,10058,2066
2066,10063,2067
2067,10065,2068
2068,10071,2069
2069,10078,2070
2070,10079,2071
2071,10083,2072
2072,10086,2073
2073,10092,2074
2074,10093,2075
2075,10100,2076
2076,10104,2077
2077,10108,2078
2078,10120,2079
2079,10127,2080
2080,10138,2081
2081,10139,2082
2082,10154,2083
2083,10168,2084
2084,10170,2085
2085,10176,2086
2086,10185,2087
2087,10192,2088
2088,10194,2089
2089,10200,2090
2090,10202,2091
2091,10204,2092
2092,10224,2093
2093,10226,2094
2094,10234,2095
2095,10240,2096
2096,10247,2097
2097,10254,2098
2098,10256,2099
2099,10258,2100
2100,10259,2101
2101,10263,2102
2102,10275,2103
2103,10287,2104
2104,10292,2105
2105,10297,2106
2106,10298,2107
2107,10303,2108
2108,10304,2109
2109,10305,2110
2110,10307,2111
2111,10309,2112
2112,10311,2113
2113,10317,2114
2114,10319,2115
2115,10320,2116
2116,10321,2117
2117,10327,2118
2118,10330,2119
2119,10339,2120
2120,10341,2121
2121,10354,2122
2122,10356,2123
2123,10357,2124
2124,10364,2125
2125,10366,2126
2126,10375,2127
2127,10382,2128
2128,10383,2129
2129,10384,2130
2130,10387,2131
2131,10390,2132
2132,10395,2133
2133,10399,2134
2134,10401,2135
2135,10403,2136
2136,10406,2137
2137,10416,2138
2138,10418,2139
2139,10420,2140
2140,10427,2141
2141,10428,2142
2142,10430,2143
2143,10433,2144
2144,10438,2145
2145,10452,2146
2146,10454,2147
2147,10462,2148
2148,10463,2149
2149,10479,2150
2150,10488,2151
2151,10495,2152
2152,10498,2153
2153,10501,2154
2154,10503,2155
2155,10505,2156
2156,10510,2157
2157,10511,2158
2158,10515,2159
2159,10517,2160
2160,10524,2161
2161,10527,2162
2162,10528,2163
2163,10549,2164
2164,10555,2165
2165,10556,2166
2166,10564,2167
2167,10565,2168
2168,10574,2169
2169,10575,2170
2170,10587,2171
2171,10588,2172
2172,10589,2173
2173,10591,2174
2174,10593,2175
2175,10594,2176
2176,10604,2177
2177,10605,2178
2178,10606,2179
2179,10611,2180
2180,10624,2181
2181,10630,2182
2182,10640,2183
2183,10641,2184
2184,10646,2185
2185,10650,2186
2186,10657,2187
2187,10663,2188
2188,10673,2189
2189,10674,2190
2190,10678,2191
2191,10679,2192
2192,10682,2193
2193,10683,2194
2194,10694,2195
2195,10697,2196
2196,10709,2197
2197,10725,2198
2198,10745,2199
2199,10762,2200
2200,10765,2201
2201,10770,2202
2202,10775,2203
2203,10783,2204
2204,10785,2205
2205,10786,2206
2206,10797,2207
2207,10798,2208
2208,10800,2209
2209,10814,2210
2210,10823,2211
2211,10825,2212
2212,10833,2213
2213,10835,2214
2214,10836,2215
2215,10851,2216
2216,10852,2217
2217,10856,2218
2218,10872,2219
2219,10883,2220
2220,10892,2221
2221,10895,2222
2222,10897,2223
2223,10905,2224
2224,10911,2225
2225,10915,2226
2226,10916,2227
2227,10919,2228
2228,10925,2229
2229,10927,2230
2230,10943,2231
2231,10945,2232
2232,10951,2233
2233,10952,2234
2234,10954,2235
2235,10957,2236
2236,10962,2237
2237,10963,2238
2238,10976,2239
2239,10979,2240
2240,10980,2241
2241,10981,2242
2242,10982,2243
2243,10985,2244
2244,10994,2245
2245,11000,2246
2246,11002,2247
2247,11004,2248
2248,11006,2249
2249,11007,2250
2250,11014,2251
2251,11015,2252
2252,11017,2253
2253,11023,2254
2254,11030,2255
2255,11031,2256
2256,11050,2257
2257,11065,2258
2258,11071,2259
2259,11075,2260
2260,11080,2261
2261,11082,2262
2262,11087,2263
2263,11089,2264
2264,11090,2265
2265,11093,2266
2266,11100,2267
2267,11105,2268
2268,11124,2269
2269,11138,2270
2270,11140,2271
2271,11143,2272
2272,11146,2273
2273,11154,2274
2274,11171,2275
2275,11177,2276
2276,11179,2277
2277,11182,2278
2278,11190,2279
2279,11191,2280
2280,11192,2281
2281,11198,2282
2282,11207,2283
2283,11214,2284
2284,11221,2285
2285,11223,2286
2286,11224,2287
2287,11226,2288
2288,11233,2289
2289,11234,2290
2290,11235,2291
2291,11246,2292
2292,11254,2293
2293,11256,2294
2294,11258,2295
2295,11259,2296
2296,11260,2297
2297,11266,2298
2298,11267,2299
2299,11277,2300
2300,11280,2301
2301,11283,2302
2302,11284,2303
2303,11297,2304
2304,11303,2305
2305,11309,2306
2306,11310,2307
2307,11324,2308
2308,11327,2309
2309,11334,2310
2310,11346,2311
2311,11347,2312
2312,11354,2313
2313,11355,2314
2314,11356,2315
2315,11370,2316
2316,11374,2317
2317,11376,2318
2318,11378,2319
2319,11379,2320
2320,11384,2321
2321,11388,2322
2322,11391,2323
2323,11401,2324
2324,11402,2325
2325,11409,2326
2326,11417,2327
2327,11420,2328
2328,11424,2329
2329,11430,2330
2330,11432,2331
2331,11434,2332
2332,11436,2333
2333,11444,2334
2334,11446,2335
2335,11448,2336
2336,11449,2337
2337,11458,2338
2338,11459,2339
2339,11461,2340
2340,11462,2341
2341,11472,2342
2342,11482,2343
2343,11486,2344
2344,11487,2345
2345,11488,2346
2346,11489,2347
2347,11497,2348
2348,11501,2349
2349,11502,2350
2350,11507,2351
2351,11515,2352
2352,11518,2353
2353,11523,2354
2354,11531,2355
2355,11532,2356
2356,11546,2357
2357,11548,2358
2358,11553,2359
2359,11564,2360
2360,11565,2361
2361,11569,2362
2362,11579,2363
2363,11582,2364
2364,11585,2365
2365,11594,2366
2366,11599,2367
2367,11600,2368
2368,11602,2369
2369,11615,2370
2370,11618,2371
2371,11621,2372
2372,11642,2373
2373,11644,2374
2374,11646,2375
2375,11652,2376
2376,11659,2377
2377,11662,2378
2378,11673,2379
2379,11679,2380
2380,11680,2381
2381,11681,2382
2382,11683,2383
2383,11685,2384
2384,11691,2385
2385,11693,2386
2386,11695,2387
2387,11702,2388
2388,11703,2389
2389,11705,2390
2390,11710,2391
2391,11716,2392
2392,11723,2393
2393,11726,2394
2394,11736,2395
2395,11740,2396
2396,11741,2397
2397,11754,2398
2398,11755,2399
2399,11756,2400
2400,11764,2401
2401,11765,2402
2402,11771,2403
2403,11775,2404
2404,11791,2405
2405,11812,2406
2406,11817,2407
2407,11821,2408
2408,11822,2409
2409,11835,2410
2410,11836,2411
2411,11841,2412
2412,11854,2413
2413,11856,2414
2414,11857,2415
2415,11863,2416
2416,11871,2417
2417,11873,2418
2418,11877,2419
2419,11879,2420
2420,11885,2421
2421,11887,2422
2422,11891,2423
2423,11899,2424
2424,11903,2425
2425,11904,2426
2426,11906,2427
2427,11913,2428
2428,11915,2429
2429,11917,2430
2430,11918,2431
2431,11921,2432
2432,11928,2433
2433,11931,2434
2434,11932,2435
2435,11938,2436
2436,11940,2437
2437,11947,2438
2438,11948,2439
2439,11949,2440
2440,11954,2441
2441,11956,2442
2442,11975,2443
2443,11984,2444
2444,11986,2445
2445,11987,2446
2446,11988,2447
2447,11990,2448
2448,11995,2449
2449,11998,2450
2450,12003,2451
2451,12004,2452
2452,12005,2453
2453,12009,2454
2454,12012,2455
2455,12018,2456
2456,12021,2457
2457,12022,2458
2458,12023,2459
2459,12043,2460
2460,12047,2461
2461,12058,2462
2462,12060,2463
2463,12066,2464
2464,12068,2465
2465,12083,2466
2466,12091,2467
2467,12102,2468
2468,12109,2469
2469,12113,2470
2470,12116,2471
2471,12128,2472
2472,12135,2473
2473,12140,2474
2474,12146,2475
2475,12156,2476
2476,12161,2477
2477,12162,2478
2478,12167,2479
2479,12175,2480
2480,12177,2481
2481,12185,2482
2482,12189,2483
2483,12192,2484
2484,12195,2485
2485,12207,2486
2486,12213,2487
2487,12214,2488
2488,12215,2489
2489,12217,2490
2490,12220,2491
2491,12222,2492
2492,12225,2493
2493,12228,2494
2494,12229,2495
2495,12230,2496
2496,12232,2497
2497,12237,2498
2498,12239,2499
2499,12241,2500
2500,12246,2501
2501,12253,2502
2502,12254,2503
2503,12259,2504
2504,12263,2505
2505,12267,2506
2506,12270,2507
2507,12271,2508
2508,12278,2509
2509,12279,2510
2510,12280,2511
2511,12282,2512
2512,12301,2513
2513,12303,2514
2514,12307,2515
2515,12308,2516
2516,12312,2517
2517,12314,2518
2518,12318,2519
2519,12319,2520
2520,12335,2521
2521,12356,2522
2522,12360,2523
2523,12361,2524
2524,12369,2525
2525,12370,2526
2526,12372,2527
2527,12374,2528
2528,12375,2529
2529,12378,2530
2530,12381,2531
2531,12383,2532
2532,12385,2533
2533,12394,2534
2534,12398,2535
2535,12410,2536
2536,12411,2537
2537,12413,2538
2538,12424,2539
2539,12426,2540
2540,12430,2541
2541,12433,2542
2542,12434,2543
2543,12436,2544
2544,12438,2545
2545,12440,2546
2546,12441,2547
2547,12448,2548
2548,12454,2549
2549,12462,2550
2550,12468,2551
2551,12473,2552
2552,12478,2553
2553,12496,2554
2554,12497,2555
2555,12499,2556
2556,12502,2557
2557,12503,2558
2558,12510,2559
2559,12522,2560
2560,12524,2561
2561,12533,2562
2562,12537,2563
2563,12546,2564
2564,12550,2565
2565,12552,2566
2566,12555,2567
2567,12556,2568
2568,12560,2569
2569,12561,2570
2570,12562,2571
2571,12570,2572
2572,12572,2573
2573,12576,2574
2574,12579,2575
2575,12582,2576
2576,12583,2577
2577,12586,2578
2578,12587,2579
2579,12588,2580
2580,12593,2581
2581,12603,2582
2582,12614,2583
2583,12618,2584
2584,12625,2585
2585,12637,2586
2586,12644,2587
2587,12646,2588
2588,12648,2589
2589,12654,2590
2590,12664,2591
2591,12667,2592
2592,12681,2593
2593,12682,2594
2594,12684,2595
2595,12695,2596
2596,12698,2597
2597,12702,2598
2598,12704,2599
2599,12723,2600
2600,12724,2601
2601,12731,2602
2602,12742,2603
2603,12743,2604
2604,12753,2605
2605,12758,2606
2606,12763,2607
2607,12772,2608
2608,12773,2609
2609,12774,2610
2610,12775,2611
2611,12782,2612
2612,12791,2613
2613,12796,2614
2614,12807,2615
2615,12812,2616
2616,12813,2617
2617,12818,2618
2618,12821,2619
2619,12830,2620
2620,12838,2621
2621,12849,2622
2622,12854,2623
2623,12867,2624
2624,12880,2625
2625,12881,2626
2626,12885,2627
2627,12888,2628
2628,12898,2629
2629,12902,2630
2630,12903,2631
2631,12904,2632
2632,12907,2633
2633,12909,2634
2634,12913,2635
2635,12919,2636
2636,12924,2637
2637,12925,2638
2638,12933,2639
2639,12934,2640
2640,12940,2641
2641,12942,2642
2642,12945,2643
2643,12950,2644
2644,12952,2645
2645,12954,2646
2646,12955,2647
2647,12957,2648
2648,12968,2649
2649,12972,2650
2650,12979,2651
2651,12982,2652
2652,12986,2653
2653,12992,2654
2654,12993,2655
2655,12994,2656
2656,12995,2657
2657,12999,2658
2658,13001,2659
2659,13012,2660
2660,13013,2661
2661,13015,2662
2662,13027,2663
2663,13032,2664
2664,13034,2665
2665,13037,2666
2666,13039,2667
2667,13040,2668
2668,13047,2669
2669,13048,2670
2670,13051,2671
2671,13062,2672
2672,13073,2673
2673,13075,2674
2674,13082,2675
2675,13085,2676
2676,13088,2677
2677,13102,2678
2678,13105,2679
2679,13110,2680
2680,13114,2681
2681,13124,2682
2682,13125,2683
2683,13129,2684
2684,13132,2685
2685,13136,2686
2686,13148,2687
2687,13153,2688
2688,13156,2689
2689,13171,2690
2690,13186,2691
2691,13199,2692
2692,13200,2693
2693,13206,2694
2694,13207,2695
2695,13214,2696
2696,13227,2697
2697,13229,2698
2698,13232,2699
2699,13245,2700
2700,13247,2701
2701,13248,2702
2702,13251,2703
2703,13258,2704
2704,13259,2705
2705,13266,2706
2706,13267,2707
2707,13268,2708
2708,13269,2709
2709,13270,2710
2710,13284,2711
2711,13288,2712
2712,13292,2713
2713,13310,2714
2714,13313,2715
2715,13320,2716
2716,13323,2717
2717,13329,2718
2718,13335,2719
2719,13338,2720
2720,13341,2721
2721,13346,2722
2722,13348,2723
2723,13355,2724
2724,13357,2725
2725,13358,2726
2726,13361,2727
2727,13370,2728
2728,13379,2729
2729,13384,2730
2730,13386,2731
2731,13388,2732
2732,13392,2733
2733,13397,2734
2734,13400,2735
2735,13401,2736
2736,13402,2737
2737,13410,2738
2738,13415,2739
2739,13418,2740
2740,13431,2741
2741,13436,2742
2742,13450,2743
2743,13456,2744
2744,13459,2745
2745,13460,2746
2746,13474,2747
2747,13480,2748
2748,13481,2749
2749,13491,2750
2750,13492,2751
2751,13495,2752
2752,13497,2753
2753,13498,2754
2754,13503,2755
2755,13514,2756
2756,13518,2757
2757,13519,2758
2758,13522,2759
2759,13523,2760
2760,13532,2761
2761,13533,2762
2762,13537,2763
2763,13546,2764
2764,13547,2765
2765,13551,2766
2766,13555,2767
2767,13558,2768
2768,13559,2769
2769,13566,2770
2770,13568,2771
2771,13571,2772
2772,13572,2773
2773,13575,2774
2774,13578,2775
2775,13582,2776
2776,13584,2777
2777,13590,2778
2778,13591,2779
2779,13594,2780
2780,13598,2781
2781,13599,2782
2782,13601,2783
2783,13603,2784
2784,13605,2785
2785,13606,2786
2786,13609,2787
2787,13612,2788
2788,13618,2789
2789,13620,2790
2790,13629,2791
2791,13631,2792
2792,13639,2793
2793,13641,2794
2794,13648,2795
2795,13658,2796
2796,13662,2797
2797,13663,2798
2798,13670,2799
2799,13674,2800
2800,13701,2801
2801,13706,2802
2802,13711,2803
2803,13718,2804
2804,13727,2805
2805,13728,2806
2806,13731,2807
2807,13735,2808
2808,13740,2809
2809,13748,2810
2810,13750,2811
2811,13754,2812
2812,13755,2813
2813,13757,2814
2814,13762,2815
2815,13768,2816
2816,13771,2817
2817,13772,2818
2818,13773,2819
2819,13785,2820
2820,13786,2821
2821,13792,2822
2822,13793,2823
2823,13799,2824
2824,13805,2825
2825,13806,2826
2826,13809,2827
2827,13814,2828
2828,13818,2829
2829,13820,2830
2830,13831,2831
2831,13833,2832
2832,13841,2833
2833,13842,2834
2834,13845,2835
2835,13854,2836
2836,13855,2837
2837,13857,2838
2838,13861,2839
2839,13863,2840
2840,13870,2841
2841,13871,2842
2842,13874,2843
2843,13880,2844
2844,13882,2845
2845,13902,2846
2846,13911,2847
2847,13914,2848
2848,13933,2849
2849,13934,2850
2850,13939,2851
2851,13941,2852
2852,13942,2853
2853,13946,2854
2854,13948,2855
2855,13963,2856
2856,13966,2857
2857,13984,2858
2858,13990,2859
2859,13995,2860
2860,14002,2861
2861,14003,2862
2862,14005,2863
2863,14012,2864
2864,14020,2865
2865,14028,2866
2866,14033,2867
2867,14036,2868
2868,14041,2869
2869,14042,2870
2870,14047,2871
2871,14050,2872
2872,14053,2873
2873,14057,2874
2874,14067,2875
2875,14071,2876
2876,14080,2877
2877,14084,2878
2878,14085,2879
2879,14096,2880
2880,14098,2881
2881,14106,2882
2882,14119,2883
2883,14122,2884
2884,14128,2885
2885,14136,2886
2886,14141,2887
2887,14142,2888
2888,14153,2889
2889,14165,2890
2890,14174,2891
2891,14176,2892
2892,14177,2893
2893,14188,2894
2894,14189,2895
2895,14192,2896
2896,14193,2897
2897,14195,2898
2898,14198,2899
2899,14211,2900
2900,14215,2901
2901,14216,2902
2902,14217,2903
2903,14228,2904
2904,14235,2905
2905,14248,2906
2906,14256,2907
2907,14272,2908
2908,14277,2909
2909,14279,2910
2910,14286,2911
2911,14291,2912
2912,14301,2913
2913,14305,2914
2914,14308,2915
2915,14317,2916
2916,14319,2917
2917,14336,2918
2918,14342,2919
2919,14346,2920
2920,14347,2921
2921,14351,2922
2922,14358,2923
2923,14362,2924
2924,14368,2925
2925,14370,2926
2926,14372,2927
2927,14377,2928
2928,14381,2929
2929,14389,2930
2930,14393,2931
2931,14403,2932
2932,14410,2933
2933,14411,2934
2934,14417,2935
2935,14419,2936
2936,14421,2937
2937,14426,2938
2938,14432,2939
