"Date","Price","Open","High","Low","Vol.","Change %"
"04/26/2026","84.36","86.15","86.30","84.12","22.24M","-1.76%"
"04/19/2026","85.87","88.80","89.44","85.71","53.30M","-4.32%"
"04/12/2026","89.75","85.11","89.75","84.92","111.00M","4.86%"
"04/05/2026","85.59","84.04","86.72","82.60","90.74M","2.44%"
"03/29/2026","83.55","80.25","84.04","79.29","86.16M","5.76%"
"03/22/2026","79.00","76.56","80.25","75.97","82.03M","4.57%"
"03/15/2026","75.55","79.39","80.20","74.06","118.32M","-3.51%"
"03/08/2026","78.30","77.72","80.99","76.55","111.80M","-0.71%"
"03/01/2026","78.86","87.92","89.16","78.40","134.98M","-10.86%"
"02/22/2026","88.47","86.81","90.33","86.42","111.47M","1.91%"
"02/15/2026","86.81","85.10","86.81","82.33","89.80M","-0.25%"
"02/08/2026","87.03","86.65","91.62","84.63","149.22M","1.63%"
"02/01/2026","85.63","84.42","89.59","84.04","197.67M","1.55%"
"01/25/2026","84.32","85.56","89.50","82.18","178.78M","-0.82%"
"01/18/2026","85.02","78.52","85.74","77.41","212.88M","7.78%"
"01/11/2026","78.88","75.00","79.64","74.28","163.09M","5.57%"
"01/04/2026","74.72","72.40","77.34","72.30","162.69M","3.23%"
"12/28/2025","72.38","73.19","73.74","71.65","65.45M","-1.01%"
"12/21/2025","73.12","71.03","73.53","70.81","61.34M","3.20%"
"12/14/2025","70.85","68.65","71.12","68.50","123.62M","3.26%"
"12/07/2025","68.61","66.92","68.98","65.47","130.56M","2.82%"
"11/30/2025","66.73","64.43","68.79","64.14","158.78M","4.18%"
"11/23/2025","64.05","61.78","64.44","61.56","127.87M","3.44%"
"11/16/2025","61.92","62.34","62.50","60.94","79.35M","-5.13%"
"11/09/2025","65.27","65.06","66.45","64.61","100.16M","0.76%"
"11/02/2025","64.78","65.10","66.17","64.02","98.26M","-0.74%"
"10/26/2025","65.26","62.06","65.55","61.40","123.06M","5.72%"
"10/19/2025","61.73","60.14","62.54","60.14","78.70M","2.66%"
"10/12/2025","60.13","59.67","60.98","59.22","126.16M","2.14%"
"10/05/2025","58.87","58.81","60.38","58.75","117.69M","0.48%"
"09/28/2025","58.59","57.50","59.12","57.09","86.06M","2.63%"
"09/21/2025","57.09","57.82","58.55","56.54","94.54M","-1.43%"
"09/14/2025","57.92","57.48","58.19","56.98","93.89M","1.61%"
"09/07/2025","57.00","56.23","57.52","56.05","73.78M","1.39%"
"08/31/2025","56.22","55.14","56.67","54.81","51.46M","1.19%"
"08/24/2025","55.56","55.17","56.19","54.68","73.82M","1.41%"
"08/17/2025","54.79","53.10","54.89","52.86","71.51M","2.76%"
"08/10/2025","53.32","53.60","54.50","53.00","143.06M","-0.36%"
"08/03/2025","53.51","52.55","53.81","51.91","99.53M","3.05%"
"07/27/2025","51.93","53.08","53.81","50.59","130.49M","-3.50%"
"07/20/2025","53.81","53.57","56.00","53.40","142.60M","-1.37%"
"07/13/2025","54.56","55.86","55.91","53.52","110.29M","-2.57%"
"07/06/2025","56.00","55.05","57.12","53.75","116.67M","1.45%"
"06/29/2025","55.20","52.79","55.88","52.44","128.39M","4.15%"
"06/22/2025","53.00","50.02","53.09","49.72","124.89M","6.17%"
"06/15/2025","49.92","52.31","54.05","49.92","144.81M","-4.24%"
"06/08/2025","52.13","52.89","53.87","51.96","69.82M","-1.60%"
"06/01/2025","52.98","52.58","53.66","51.87","72.80M","1.69%"
"05/25/2025","52.10","53.94","54.21","52.05","81.21M","-4.09%"
"05/18/2025","54.32","55.00","55.53","53.59","72.49M","-2.11%"
"05/11/2025","55.49","54.56","55.69","54.13","95.93M","4.80%"
"05/04/2025","52.95","52.90","53.58","52.51","66.35M","0.28%"
"04/27/2025","52.80","53.90","54.34","52.21","59.62M","-1.95%"
"04/20/2025","53.85","53.16","55.67","52.76","80.82M","1.83%"
"04/13/2025","52.88","54.40","54.88","52.42","83.50M","-1.45%"
"04/06/2025","53.66","51.71","54.15","48.77","198.97M","1.86%"
"03/30/2025","52.68","56.72","57.93","51.60","123.74M","-8.48%"
"03/23/2025","57.56","57.95","58.45","56.96","110.03M","0.19%"
"03/16/2025","57.45","56.29","57.56","56.14","111.77M","2.06%"
"03/09/2025","56.29","54.23","56.41","53.15","117.72M","2.57%"
"03/02/2025","54.88","54.04","55.20","53.31","56.97M","3.39%"
"02/23/2025","53.08","55.92","56.37","53.08","129.48M","-5.18%"
"02/16/2025","55.98","53.55","55.98","52.66","180.50M","0.55%"
"02/09/2025","55.67","54.87","55.81","54.13","140.75M","1.53%"
"02/02/2025","54.83","53.73","55.78","53.33","138.72M","1.22%"
"01/26/2025","54.17","52.89","55.60","52.54","132.71M","2.15%"
"01/19/2025","53.03","54.22","54.49","51.84","121.35M","-2.68%"
"01/12/2025","54.49","52.00","54.49","50.87","361.90M","5.76%"
"01/05/2025","51.52","53.48","53.79","51.14","109.88M","-3.23%"
"12/29/2024","53.24","54.90","55.19","52.88","52.47M","-2.74%"
"12/22/2024","54.74","54.67","55.40","54.40","48.36M","0.22%"
"12/15/2024","54.62","55.85","56.54","53.33","170.86M","-2.22%"
"12/08/2024","55.86","57.98","59.66","55.70","131.03M","-0.79%"
"12/01/2024","56.31","58.33","58.85","56.25","92.05M","-3.35%"
"11/24/2024","58.26","57.67","58.69","56.64","112.45M","1.03%"
"11/17/2024","57.67","56.58","57.75","56.47","55.21M","2.36%"
"11/10/2024","56.34","59.22","59.34","56.34","89.73M","-6.25%"
"11/03/2024","60.09","61.85","63.42","59.17","134.84M","-2.26%"
"10/27/2024","61.48","61.95","62.88","61.24","75.42M","0.49%"
"10/20/2024","61.18","60.81","61.92","58.63","101.47M","1.95%"
"10/13/2024","60.01","61.77","61.97","59.93","141.71M","-2.54%"
"10/06/2024","61.58","62.34","63.18","59.72","121.12M","-0.56%"
"09/29/2024","61.93","64.74","64.77","61.75","110.05M","-2.31%"
"09/22/2024","63.39","56.58","64.46","56.10","182.93M","11.53%"
"09/15/2024","56.84","57.91","58.33","56.45","86.73M","-1.97%"
"09/08/2024","57.98","56.60","58.48","55.44","86.06M","3.21%"
"09/01/2024","56.18","58.30","58.36","55.97","96.20M","-4.87%"
"08/25/2024","59.05","57.98","59.61","57.54","129.20M","3.80%"
"08/18/2024","56.89","56.02","58.04","55.86","112.33M","2.35%"
"08/11/2024","55.58","56.59","56.60","54.99","167.92M","-1.72%"
"08/04/2024","56.56","55.81","57.08","55.41","104.00M","-0.45%"
"07/28/2024","56.81","58.99","59.16","56.76","166.19M","-3.35%"
"07/21/2024","58.78","58.44","59.04","57.37","143.68M","0.57%"
"07/14/2024","58.44","60.05","60.41","57.79","96.40M","-2.86%"
"07/07/2024","60.17","60.32","60.47","59.13","72.17M","-1.07%"
"06/30/2024","60.82","59.96","62.00","59.73","95.37M","2.22%"
"06/23/2024","59.50","57.82","59.81","57.64","80.75M","2.29%"
"06/16/2024","58.17","57.41","58.92","57.22","93.25M","0.35%"
"06/09/2024","57.97","57.95","58.76","57.10","87.03M","0.35%"
"06/02/2024","57.77","60.09","60.10","57.63","89.08M","-4.41%"
"05/26/2024","60.43","62.07","62.44","60.04","66.99M","-2.89%"
"05/19/2024","62.23","63.24","64.16","61.75","90.68M","-1.66%"
"05/12/2024","63.28","61.87","63.45","60.68","97.68M","2.94%"
"05/05/2024","61.48","61.41","62.33","60.81","86.13M","0.47%"
"04/28/2024","61.19","60.13","61.60","60.05","75.39M","1.99%"
"04/21/2024","59.99","60.27","61.28","59.20","118.09M","-0.98%"
"04/14/2024","60.59","59.57","60.77","58.04","145.07M","2.81%"
"04/07/2024","58.93","58.43","61.07","58.14","139.95M","3.22%"
"03/31/2024","57.10","58.90","59.74","57.00","99.73M","-1.84%"
"03/24/2024","58.17","58.35","58.64","56.98","74.23M","-0.20%"
"03/17/2024","58.28","57.84","59.89","57.38","85.51M","1.99%"
"03/10/2024","57.14","59.29","59.83","56.76","222.20M","-5.42%"
"03/03/2024","60.42","61.28","61.93","60.04","113.28M","-1.30%"
"02/25/2024","61.21","60.90","61.94","59.91","125.46M","-0.74%"
"02/18/2024","61.67","61.36","63.22","59.67","155.37M","-0.44%"
"02/11/2024","61.95","60.40","62.53","59.53","70.59M","2.67%"
"02/04/2024","60.34","60.32","61.77","59.81","115.81M","-0.24%"
"01/28/2024","60.48","63.60","63.70","60.33","138.64M","-4.92%"
"01/21/2024","63.61","61.78","64.83","61.42","169.16M","2.06%"
"01/14/2024","62.33","65.19","65.71","62.28","169.19M","-5.01%"
"01/07/2024","65.62","67.68","68.24","65.57","96.26M","-3.97%"
"12/31/2023","68.33","71.03","71.56","67.84","83.13M","-3.30%"
"12/24/2023","70.66","70.62","70.98","70.17","42.52M","1.06%"
"12/17/2023","69.92","67.79","71.57","67.47","102.72M","3.43%"
"12/10/2023","67.60","65.97","68.01","65.68","104.36M","1.46%"
"12/03/2023","66.63","67.95","68.19","66.01","101.70M","-3.22%"
"11/26/2023","68.85","67.22","69.09","66.05","109.92M","1.99%"
"11/19/2023","67.50","67.30","69.74","66.97","134.79M","2.41%"
"11/12/2023","65.92","63.93","66.28","62.98","121.88M","3.76%"
"11/05/2023","63.53","63.22","63.75","61.48","115.96M","0.49%"
"10/29/2023","63.22","60.73","63.58","59.99","107.63M","5.37%"
"10/22/2023","59.99","55.40","60.16","55.15","143.96M","7.80%"
"10/15/2023","55.65","59.84","60.42","55.05","152.04M","-5.87%"
"10/08/2023","59.12","58.36","59.91","58.06","62.20M","-0.40%"
"10/01/2023","59.36","60.00","60.13","58.18","74.75M","-1.07%"
"09/24/2023","60.00","59.50","60.07","57.99","120.73M","-0.62%"
"09/17/2023","60.38","61.74","62.20","59.93","118.40M","-2.21%"
"09/10/2023","61.74","60.46","63.24","59.62","148.66M","4.24%"
"09/03/2023","59.23","61.51","62.20","58.81","89.82M","-3.16%"
"08/27/2023","61.17","55.43","61.26","55.29","152.22M","10.99%"
"08/20/2023","55.11","54.60","56.53","54.18","96.65M","1.39%"
"08/13/2023","54.36","55.92","55.97","54.16","172.86M","-3.73%"
"08/06/2023","56.46","58.31","58.75","56.22","158.54M","-3.03%"
"07/30/2023","58.23","58.61","60.06","57.31","143.42M","-0.10%"
"07/23/2023","58.29","58.35","62.62","58.19","154.40M","-0.25%"
"07/16/2023","58.44","58.89","59.03","57.71","92.14M","-1.18%"
"07/09/2023","59.13","55.59","59.72","55.44","139.01M","4.81%"
"07/02/2023","56.42","55.77","57.32","55.43","137.96M","1.93%"
"06/25/2023","55.35","56.50","57.99","55.35","142.37M","-2.55%"
"06/18/2023","56.80","60.03","60.03","56.28","122.19M","-5.41%"
"06/11/2023","60.05","58.44","60.50","57.49","185.68M","1.92%"
"06/04/2023","58.92","59.01","60.16","57.43","110.37M","0.62%"
"05/28/2023","58.56","58.04","58.78","54.74","250.78M","2.43%"
"05/21/2023","57.17","58.95","59.38","55.83","165.89M","-4.16%"
"05/14/2023","59.65","59.73","60.86","58.26","132.79M","1.66%"
"05/07/2023","58.68","60.94","61.33","58.06","113.30M","-1.39%"
"04/30/2023","59.50","61.45","61.71","57.50","119.97M","-4.64%"
"04/23/2023","62.40","62.23","62.52","59.63","151.74M","-3.03%"
"04/16/2023","64.35","68.50","69.33","64.24","98.51M","-5.27%"
"04/09/2023","67.92","66.15","71.49","66.11","124.36M","2.68%"
"04/02/2023","66.15","68.78","69.29","65.42","73.17M","-4.41%"
"03/26/2023","69.20","68.53","70.82","67.25","81.81M","2.06%"
"03/19/2023","67.80","71.29","72.39","67.30","106.93M","-4.91%"
"03/12/2023","71.30","71.15","72.70","69.04","135.52M","-0.18%"
"03/05/2023","71.43","73.74","74.13","71.07","116.73M","-5.15%"
"02/26/2023","75.31","71.31","76.16","70.55","107.99M","5.01%"
"02/19/2023","71.72","73.41","74.60","71.39","55.53M","-3.40%"
"02/12/2023","74.24","72.46","76.12","71.94","117.32M","1.42%"
"02/05/2023","73.20","74.38","75.52","72.83","86.44M","-2.42%"
"01/29/2023","75.02","80.88","81.22","74.80","133.69M","-6.68%"
"01/22/2023","80.39","79.57","82.89","78.60","110.82M","1.42%"
"01/15/2023","79.27","77.59","79.76","76.60","103.79M","0.18%"
"01/08/2023","79.12","77.19","79.68","76.96","97.91M","1.60%"
"01/01/2023","77.88","74.79","78.21","74.17","125.02M","3.89%"